date,water_surface_height_above_reference_datum
2000-02-17,3686.05
2000-02-24,3687.03
2000-03-14,3687.08
2000-03-21,3687.02
2000-04-01,3687.0
2000-04-08,3686.95
2000-04-16,3686.92
2000-04-23,3686.86
2000-04-30,3686.86
2000-05-11,3686.83
2000-05-19,3686.82
2000-05-26,3686.75
2000-06-02,3686.84
2000-06-10,3686.75
2000-06-17,3686.73
2000-06-28,3686.68
2000-07-05,3686.67
2000-07-12,3686.7
2000-07-20,3686.79
2000-07-27,3686.61
2000-08-03,3686.5
2000-08-14,3686.42
2000-08-22,3686.539
2000-08-29,3686.41
2000-09-05,3686.39
2000-09-13,3686.23
2000-09-20,3686.19
2000-10-01,3686.14
2000-10-08,3686.05
2000-10-16,3685.99
2000-10-23,3685.961
2000-10-30,3685.81
2000-12-28,3686.2
2001-01-01,3686.21
2001-01-08,3686.56
2001-01-19,3686.48
2001-01-26,3687.31
2001-02-02,3687.48
2001-02-10,3687.7
2001-02-17,3687.13
2001-02-24,3687.97
2001-03-07,3688.01
2001-03-25,3688.039
2001-04-02,3687.98
2001-04-09,3688.02
2001-04-16,3687.97
2001-04-24,3687.97
2001-05-05,3687.961
2001-05-12,3687.961
2001-05-19,3687.95
2001-05-27,3687.95
2001-06-03,3687.89
2001-06-10,3687.91
2001-06-28,3687.87
2001-07-06,3687.91
2001-07-13,3687.9
2001-07-20,3687.9
2001-07-31,3687.86
2001-08-07,3687.87
2001-08-15,3687.79
2001-08-22,3687.9
2001-08-29,3687.76
2001-09-06,3687.84
2001-09-13,3687.85
2001-09-24,3687.81
2001-10-01,3687.79
2001-10-09,3687.78
2001-10-16,3687.72
2001-10-27,3687.63
2001-11-03,3687.7
2001-11-10,3687.44
2001-11-18,3687.41
2001-11-25,3687.59
2001-12-02,3687.45
2001-12-13,3687.51
2001-12-21,3687.53
2001-12-28,3687.539
2002-01-01,3687.38
2002-01-08,3687.16
2002-01-19,3687.22
2002-01-26,3687.36
2002-02-02,3686.76
2002-02-10,3686.92
2002-02-17,3687.48
2002-02-24,3687.68
2002-03-07,3687.63
2002-03-14,3687.73
2002-04-02,3687.68
2002-04-09,3687.64
2002-04-16,3687.48
2002-04-24,3687.69
2002-05-05,3687.67
2002-05-12,3687.64
2002-05-19,3687.461
2002-05-27,3687.539
2002-06-03,3687.58
2002-06-10,3687.47
2002-06-21,3687.53
2002-06-28,3687.5
2002-07-06,3687.62
2002-07-13,3687.58
2002-07-20,3687.57
2002-07-31,3687.56
2002-08-07,3687.51
2002-08-15,3687.539
2002-08-22,3687.52
2002-08-29,3687.49
2002-09-06,3687.44
2002-09-13,3687.461
2002-09-24,3687.38
2002-10-01,3687.35
2002-10-09,3687.33
2002-10-16,3687.28
2002-10-27,3687.38
2002-11-03,3686.85
2002-11-10,3687.18
2002-11-18,3687.15
2002-11-25,3687.31
2002-12-02,3687.21
2002-12-13,3687.21
2002-12-21,3687.01
2002-12-28,3687.09
2003-01-01,3686.97
2003-01-08,3686.84
2003-01-19,3687.3
2003-01-26,3686.88
2003-02-02,3687.15
2003-02-10,3686.3
2003-02-17,3686.33
2003-02-24,3687.23
2003-03-07,3687.44
2003-03-14,3687.19
2003-03-25,3687.42
2003-04-02,3687.34
2003-04-09,3687.36
2003-04-16,3687.34
2003-04-24,3687.31
2003-05-05,3687.3
2003-05-12,3687.27
2003-05-19,3687.33
2003-05-27,3687.29
2003-06-03,3687.23
2003-06-10,3687.25
2003-06-21,3687.22
2003-06-28,3687.22
2003-07-06,3687.23
2003-07-13,3687.17
2003-07-20,3687.24
2003-07-31,3687.27
2003-08-07,3687.26
2003-08-15,3687.16
2004-01-01,3686.9
2004-01-08,3686.35
2004-01-19,3686.9
2004-01-26,3687.17
2004-02-02,3687.1
2004-02-10,3687.36
2004-02-17,3687.32
2004-02-24,3687.32
2004-03-06,3687.26
2004-03-14,3687.22
2004-03-21,3687.21
2004-04-01,3687.28
2004-04-08,3687.27
2004-04-16,3687.25
2004-04-23,3687.24
2004-04-30,3687.22
2004-05-11,3687.22
2004-05-19,3687.2
2004-05-26,3687.2
2004-06-02,3687.19
2004-06-10,3687.19
2004-06-17,3687.2
2004-06-28,3687.21
2004-07-05,3687.33
2004-07-12,3687.27
2004-07-20,3687.21
2004-07-27,3687.2
2004-08-03,3687.19
2004-08-14,3687.29
2004-08-22,3687.2
2004-08-29,3687.05
2004-09-05,3687.19
2004-09-13,3687.1
2004-09-20,3687.1
2004-10-01,3687.08
2004-10-08,3687.12
2004-10-16,3686.99
2004-10-23,3686.93
2004-10-30,3686.93
2004-11-10,3686.84
2004-11-18,3686.68
2004-11-25,3686.77
2004-12-02,3686.69
2004-12-10,3686.71
2004-12-21,3686.63
2004-12-28,3686.69
2005-01-01,3686.77
2005-01-08,3686.47
2005-01-19,3686.79
2005-01-26,3686.64
2005-02-02,3686.82
2005-02-10,3687.13
2005-02-17,3687.05
2005-02-24,3687.11
2005-03-07,3687.03
2005-03-14,3687.03
2005-03-25,3687.07
2005-04-02,3687.039
2005-04-09,3687.07
2005-04-16,3687.02
2005-04-24,3686.99
2005-05-05,3686.97
2005-05-12,3686.961
2005-05-19,3686.91
2005-05-27,3686.91
2005-06-03,3686.86
2005-06-10,3686.87
2005-06-21,3686.84
2005-06-28,3686.85
2005-07-06,3686.8
2005-07-13,3686.86
2005-07-20,3686.77
2005-07-31,3686.73
2005-08-07,3686.73
2005-08-15,3686.72
2005-08-22,3686.68
2005-08-29,3686.69
2005-09-06,3686.65
2005-09-13,3686.81
2005-09-24,3686.73
2005-10-01,3686.67
2005-10-09,3686.62
2005-10-16,3686.64
2005-10-27,3686.38
2005-11-03,3686.5
2005-11-10,3686.44
2005-11-18,3686.43
2005-11-25,3686.42
2005-12-02,3686.13
2005-12-13,3686.25
2005-12-21,3686.31
2005-12-28,3686.68
2006-01-01,3686.29
2006-01-08,3685.97
2006-01-19,3686.95
2006-01-26,3687.07
2006-02-02,3686.77
2006-02-10,3687.15
2006-02-17,3687.2
2006-02-24,3687.25
2006-03-07,3687.16
2006-03-14,3687.17
2006-03-25,3687.24
2006-04-02,3687.26
2006-04-09,3687.32
2006-04-16,3687.02
2006-04-24,3687.28
2006-05-05,3687.32
2006-05-12,3687.3
2006-05-19,3687.3
2006-05-27,3687.28
2006-06-03,3687.3
2006-06-10,3687.25
2006-06-21,3687.25
2006-07-06,3687.24
2006-07-13,3687.23
2006-07-20,3687.24
2006-07-31,3687.17
2006-08-07,3687.15
2006-08-15,3687.039
2006-08-22,3687.17
2006-08-29,3687.05
2006-09-06,3687.03
2006-09-13,3686.9
2006-09-24,3687.0
2006-10-01,3686.95
2006-10-09,3686.961
2006-10-16,3686.91
2006-10-27,3686.69
2006-11-03,3686.78
2006-11-10,3686.81
2006-11-18,3686.71
2006-11-25,3686.36
2006-12-02,3686.64
2006-12-13,3686.58
2006-12-21,3686.43
2007-01-01,3686.57
2007-01-08,3686.95
2007-01-19,3686.93
2007-01-26,3686.79
2007-02-02,3686.33
2007-02-10,3686.92
2007-02-17,3686.64
2007-02-24,3686.48
2007-03-07,3686.98
2007-03-14,3687.22
2007-03-25,3686.961
2007-04-02,3686.92
2007-04-09,3686.91
2007-04-16,3686.89
2007-04-24,3686.85
2007-05-05,3686.87
2007-05-12,3686.81
2007-05-19,3686.76
2007-05-27,3686.77
2007-06-03,3686.75
2007-06-10,3686.71
2007-06-21,3686.67
2007-06-28,3686.77
2007-07-06,3686.65
2007-07-13,3686.65
2007-07-20,3686.68
2007-07-31,3686.72
2007-08-15,3686.53
2007-08-22,3686.51
2007-08-29,3686.51
2007-09-06,3686.6
2007-09-13,3686.57
2007-09-24,3686.58
2007-10-01,3686.35
2007-10-09,3686.08
2007-10-16,3685.94
2007-10-27,3685.89
2007-11-03,3685.81
2007-11-18,3685.99
2007-12-13,3686.08
2007-12-21,3685.85
2008-01-01,3685.74
2008-01-08,3686.38
2008-01-19,3686.0
2008-01-26,3686.86
2008-02-02,3686.97
2008-02-10,3686.62
2008-02-17,3686.64
2008-02-24,3686.77
2008-03-06,3686.81
2008-03-14,3686.8
2008-03-21,3686.75
2008-04-01,3686.68
2008-04-08,3686.66
2008-04-16,3686.539
2008-04-23,3686.5
2008-04-30,3686.47
2008-05-11,3686.461
2008-05-19,3686.35
2008-05-26,3686.35
2008-06-02,3686.36
2008-06-10,3686.38
2008-06-17,3686.34
2008-06-28,3686.42
2008-07-05,3686.31
2008-07-12,3686.34
2008-07-20,3686.3
2008-07-27,3686.34
2008-08-03,3686.35
2008-08-14,3686.26
2008-08-22,3686.13
2008-08-29,3686.11
2008-09-05,3686.039
2008-09-13,3685.89
2008-09-20,3685.78
2008-12-28,3686.01
2009-01-01,3686.08
2009-01-08,3686.1
2009-01-19,3685.91
2009-01-26,3685.78
2009-02-10,3686.01
2009-02-17,3685.82
2009-02-24,3687.01
2009-03-07,3686.41
2009-03-14,3686.36
2009-03-25,3686.81
2009-04-02,3685.91
2009-04-09,3686.56
2009-04-16,3686.35
2009-04-24,3686.18
2009-05-05,3686.31
2009-05-12,3686.43
2009-05-19,3686.31
2009-05-27,3686.31
2009-06-03,3686.41
2009-06-10,3686.34
2009-06-21,3686.33
2009-06-28,3686.21
2009-07-06,3686.2
2009-07-13,3686.15
2009-07-20,3686.3
2009-07-31,3686.25
2009-08-07,3686.15
2009-08-15,3685.94
2009-08-22,3685.94
2009-08-29,3685.73
2009-10-01,3685.74
2009-11-18,3685.86
2009-11-25,3685.8
2009-12-21,3686.12
2009-12-28,3686.31
2010-01-01,3686.08
2010-01-08,3686.06
2010-01-19,3685.82
2010-01-26,3686.52
2010-02-02,3686.56
2010-02-10,3686.5
2010-02-17,3686.2
2010-02-24,3686.87
2010-03-07,3686.6
2010-03-14,3686.14
2010-03-25,3686.22
2010-04-02,3686.42
2010-04-09,3686.23
2010-04-16,3686.15
2010-04-24,3686.25
2010-05-05,3686.19
2010-05-12,3686.25
2010-05-19,3686.43
2010-05-27,3686.39
2010-06-03,3686.23
2010-06-10,3686.1
2010-06-21,3686.23
2010-06-28,3685.98
2010-07-06,3686.17
2010-07-13,3685.92
2010-07-20,3686.12
2010-07-31,3685.83
2010-08-07,3685.92
2010-08-15,3685.88
2010-08-29,3685.85
2011-02-10,3687.2
2011-02-17,3686.63
2011-02-24,3687.07
2011-03-07,3687.17
2011-03-14,3686.98
2011-03-25,3687.0
2011-04-02,3686.93
2011-04-09,3686.89
2011-04-16,3686.89
2011-04-24,3686.82
2011-05-05,3686.8
2011-05-12,3686.76
2011-05-19,3686.8
2011-05-27,3686.74
2011-06-03,3686.69
2011-06-10,3686.65
2011-06-21,3686.68
2011-06-28,3686.67
2011-07-06,3686.72
2011-07-13,3686.6
2011-07-20,3686.57
2011-07-31,3686.53
2011-08-07,3686.461
2011-08-15,3686.47
2011-08-22,3686.36
2011-08-29,3686.32
2011-09-06,3686.24
2011-09-13,3686.28
2011-09-24,3686.17
2011-10-01,3686.03
2011-10-09,3685.99
2011-12-21,3686.11
2011-12-28,3686.27
2012-01-01,3686.47
2012-01-08,3686.65
2012-01-19,3686.33
2012-01-26,3686.5
2012-02-02,3686.97
2012-02-10,3686.27
2012-02-17,3687.56
2012-02-24,3687.26
2012-03-06,3687.43
2012-03-14,3687.52
2012-03-21,3687.461
2012-04-01,3687.52
2012-04-08,3687.51
2012-04-16,3687.5
2012-04-23,3687.48
2012-04-30,3687.5
2012-05-11,3687.49
2012-05-19,3687.461
2012-05-26,3687.47
2012-06-02,3687.44
2012-06-10,3687.45
2012-06-17,3687.42
2012-06-28,3687.43
2012-07-05,3687.43
2012-07-12,3687.42
2012-07-20,3687.42
2012-07-27,3687.4
2012-08-03,3687.39
2012-08-14,3687.36
2012-08-22,3687.36
2012-08-29,3687.35
2012-09-05,3687.3
2012-09-13,3687.24
2012-09-20,3687.06
2012-10-01,3687.2
2012-10-08,3687.11
2012-10-16,3687.01
2012-10-23,3687.03
2012-10-30,3686.97
2012-11-10,3686.92
2012-11-18,3686.89
2012-11-25,3686.83
2012-12-02,3686.84
2012-12-10,3686.961
2012-12-21,3686.82
2012-12-28,3686.82
2013-01-01,3686.84
2013-01-08,3687.25
2013-01-19,3687.1
2013-01-26,3687.3
2013-02-02,3687.33
2013-02-10,3687.52
2013-02-17,3687.51
2013-02-24,3687.49
2013-03-07,3687.47
2013-03-14,3687.44
2013-03-25,3687.44
2013-04-02,3687.42
2013-04-09,3687.4
2013-04-16,3687.37
2013-04-24,3687.34
2013-05-05,3687.3
2013-05-12,3687.28
2013-05-19,3687.36
2013-05-27,3687.32
2013-06-03,3687.27
2013-06-10,3687.35
2013-06-21,3687.28
2013-06-28,3687.29
2013-07-06,3687.29
2013-07-13,3687.27
2013-07-20,3687.28
2013-07-31,3687.24
2013-08-07,3687.25
2013-08-15,3687.21
2013-08-22,3687.33
2013-08-29,3687.25
2013-09-06,3687.19
2013-09-13,3687.15
2013-09-24,3687.1
2013-10-01,3687.07
2013-10-09,3687.01
2013-10-16,3686.92
2013-10-27,3686.98
2013-11-03,3686.86
2013-11-10,3686.82
2013-11-18,3686.91
2013-11-25,3686.72
2013-12-02,3686.69
2013-12-13,3686.74
2013-12-21,3686.69
2013-12-28,3686.9
2014-01-01,3687.01
2014-01-08,3687.08
2014-01-19,3687.14
2014-01-26,3687.14
2014-02-02,3687.67
2014-02-10,3687.32
2014-02-17,3687.29
2014-02-24,3687.21
2014-03-07,3687.17
2014-03-14,3687.13
2014-03-25,3687.16
2014-04-02,3687.07
2014-04-09,3687.08
2014-04-16,3686.98
2014-04-24,3686.98
2014-05-05,3686.97
2014-05-12,3686.961
2014-05-19,3686.88
2014-05-27,3686.95
2014-06-03,3686.87
2014-06-10,3686.89
2014-06-21,3686.84
2014-06-28,3686.86
2014-07-06,3686.84
2014-07-13,3686.83
2014-07-20,3686.82
2014-07-31,3686.78
2014-08-07,3686.76
2014-08-15,3686.76
2014-08-22,3686.69
2014-08-29,3686.68
2014-09-06,3686.61
2014-09-13,3686.63
2014-09-24,3686.539
2014-10-01,3686.58
2014-10-09,3686.49
2014-10-16,3686.4
2014-10-27,3686.36
2014-11-03,3686.11
2014-11-10,3685.98
2014-11-18,3686.02
2014-11-25,3685.98
2014-12-02,3685.82
2015-01-08,3686.52
2015-01-19,3686.63
2015-01-26,3686.15
2015-02-02,3686.3
2015-02-10,3686.89
2015-02-17,3686.86
2015-02-24,3686.52
2015-03-07,3686.6
2015-03-14,3686.64
2015-03-25,3686.57
2015-04-02,3686.73
2015-04-09,3686.59
2015-04-16,3686.62
2015-04-24,3686.71
2015-05-05,3686.6
2015-05-12,3686.49
2015-05-19,3686.42
2015-05-27,3686.39
2015-06-03,3686.34
2015-06-10,3686.32
2015-06-21,3686.28
2015-06-28,3686.27
2015-07-06,3686.47
2015-07-13,3686.44
2015-07-20,3686.32
2015-07-31,3686.25
2015-08-07,3686.39
2015-08-15,3686.53
2015-08-22,3686.4
2015-08-29,3686.17
2015-09-06,3686.16
2015-09-13,3685.98
2015-09-24,3685.76
2015-10-01,3686.06
