valid_time,number,expver,tp,tp_mm
1950-01-01,0,0001,0.0034476450128875956,106.87699539951547
1950-02-01,0,0001,0.004238715449337576,118.68403258145213
1950-03-01,0,0001,0.003132555506808254,97.10922071105588
1950-04-01,0,0001,0.0009106061045514927,27.318183136544782
1950-05-01,0,0001,0.00037779625665292733,11.711683956240746
1950-06-01,0,0001,1.2186629916897645e-05,0.36559889750692937
1950-07-01,0,0001,0.00012928405210359552,4.007805615211462
1950-08-01,0,0001,4.7867043715498975e-05,1.4838783551804682
1950-09-01,0,0001,0.0004767206918463015,14.301620755389045
1950-10-01,0,0001,0.001968618281271028,61.02716671940186
1950-11-01,0,0001,0.0031350047162129854,94.05014148638956
1950-12-01,0,0001,0.004491954256083241,139.25058193858047
1951-01-01,0,0001,0.004824821244809984,149.5694585891095
1951-02-01,0,0001,0.0074756297139424,209.31763199038718
1951-03-01,0,0001,0.005232371058961559,162.2035028278083
1951-04-01,0,0001,0.0013118342514379475,39.355027543138426
1951-05-01,0,0001,6.87563521555896e-05,2.1314469168232777
1951-06-01,0,0001,8.23408910214286e-05,2.4702267306428576
1951-07-01,0,0001,1.3159204877412945e-05,0.4079353511998013
1951-08-01,0,0001,3.5211252085070183e-05,1.0915488146371757
1951-09-01,0,0001,9.289038338942395e-05,2.786711501682719
1951-10-01,0,0001,0.0007178351201958681,22.252888726071912
1951-11-01,0,0001,0.005644008844766167,169.320265342985
1951-12-01,0,0001,0.002527000840337167,78.3370260504522
1952-01-01,0,0001,0.006405293740999471,198.5641059709836
1952-02-01,0,0001,0.005915840358856329,171.55937040683352
1952-03-01,0,0001,0.006123345682377441,189.82371615370067
1952-04-01,0,0001,0.0002319332971976188,6.957998915928565
1952-05-01,0,0001,6.930729988276267e-05,2.148526296365643
1952-06-01,0,0001,0.0005280637588872563,15.841912766617689
1952-07-01,0,0001,4.643932409274916e-06,0.1439619046875224
1952-08-01,0,0001,0.0005140920048280792,15.936852149670454
1952-09-01,0,0001,0.0006381610504131807,19.144831512395424
1952-10-01,0,0001,0.0007764162101096432,24.06890251339894
1952-11-01,0,0001,0.0034076656825338513,102.22997047601554
1952-12-01,0,0001,0.006263796819857126,194.1777014155709
1953-01-01,0,0001,0.006829193412533983,211.70499578855348
1953-02-01,0,0001,0.006248646553518755,174.96210349852515
1953-03-01,0,0001,0.005694127580746965,176.5179550031559
1953-04-01,0,0001,0.0009574513310533067,28.723539931599202
1953-05-01,0,0001,0.00012232380344803995,3.7920379068892385
1953-06-01,0,0001,0.00016315137175831177,4.894541152749353
1953-07-01,0,0001,0.00012982742581891222,4.024650200386279
1953-08-01,0,0001,0.00021996695988369026,6.818975756394398
1953-09-01,0,0001,7.228253011145244e-05,2.168475903343573
1953-10-01,0,0001,0.00046136446522201366,14.302298421882423
1953-11-01,0,0001,0.0013184079782980957,39.55223934894287
1953-12-01,0,0001,0.007303229444567747,226.40011278160017
1954-01-01,0,0001,0.004436815163966966,137.54127008297596
1954-02-01,0,0001,0.00886089657564635,248.1051041180978
1954-03-01,0,0001,0.003987303028790609,123.60639389250888
1954-04-01,0,0001,0.0005704889255880302,17.114667767640906
1954-05-01,0,0001,0.00010229495521740525,3.171143611739563
1954-06-01,0,0001,3.166858324451346e-05,0.9500574973354038
1954-07-01,0,0001,0.00028568590537062405,8.856263066489344
1954-08-01,0,0001,3.7791032962656135e-05,1.1715220218423401
1954-09-01,0,0001,0.0010670723274311094,32.01216982293328
1954-10-01,0,0001,0.0012714980174848669,39.416438542030875
1954-11-01,0,0001,0.00252171189414904,75.6513568244712
1954-12-01,0,0001,0.005714149281761458,177.1386277346052
1955-01-01,0,0001,0.008534230840533246,264.56115605653065
1955-02-01,0,0001,0.006252084745985357,175.05837288759
1955-03-01,0,0001,0.006710665739280889,208.03063791770757
1955-04-01,0,0001,0.0005070855645345134,15.212566936035403
1955-05-01,0,0001,7.70191188150694e-05,2.387592683267151
1955-06-01,0,0001,1.472196151854809e-05,0.44165884555644275
1955-07-01,0,0001,2.918332356568194e-05,0.9046830305361401
1955-08-01,0,0001,3.9558675431874686e-05,1.2263189383881152
1955-09-01,0,0001,0.0007699542117268042,23.098626351804125
1955-10-01,0,0001,4.8951177423574916e-05,1.5174865001308224
1955-11-01,0,0001,0.0010306497261674884,30.91949178502465
1955-12-01,0,0001,0.004860920260568902,150.68852807763597
1956-01-01,0,0001,0.00676604145391984,209.74728507151502
1956-02-01,0,0001,0.004748928596782569,137.7189293066945
1956-03-01,0,0001,0.0027681126659057065,85.8114926430769
1956-04-01,0,0001,0.0005667553974221661,17.00266192266498
1956-05-01,0,0001,6.703766177580632e-06,0.2078167515049996
1956-06-01,0,0001,8.031780115515548e-06,0.24095340346546643
1956-07-01,0,0001,9.705006226710677e-05,3.00855193028031
1956-08-01,0,0001,4.476952351392973e-05,1.3878552289318216
1956-09-01,0,0001,0.00025720418822086817,7.716125646626045
1956-10-01,0,0001,0.00039481897195102754,12.239388130481853
1956-11-01,0,0001,0.0013035372004572092,39.106116013716274
1956-12-01,0,0001,0.004989965837943906,154.6889409762611
1957-01-01,0,0001,0.009241552473756423,286.4881266864491
1957-02-01,0,0001,0.006071147717659791,169.99213609447415
1957-03-01,0,0001,0.0035196648593952286,109.10961064125209
1957-04-01,0,0001,0.0008402774095977198,25.208322287931594
1957-05-01,0,0001,0.0002834799387349893,8.787878100784669
1957-06-01,0,0001,7.237107181498879e-05,2.171132154449664
1957-07-01,0,0001,5.998416066903276e-07,0.01859508980740016
1957-08-01,0,0001,2.5741892383110173e-05,0.7979986638764154
1957-09-01,0,0001,1.729775202808418e-05,0.5189325608425255
1957-10-01,0,0001,0.0006065715967977949,18.80371950073164
1957-11-01,0,0001,0.0009189070018385918,27.567210055157755
1957-12-01,0,0001,0.004510217933200551,139.81675592921707
1958-01-01,0,0001,0.005783612126325348,179.2919759160858
1958-02-01,0,0001,0.005371750045516824,150.40900127447108
1958-03-01,0,0001,0.0021355772611600697,66.20289509596216
1958-04-01,0,0001,0.00020579917235086397,6.173975170525919
1958-05-01,0,0001,6.836900136324114e-06,0.21194390422604753
1958-06-01,0,0001,3.5671128519795032e-06,0.1070133855593851
1958-07-01,0,0001,1.5759628667109204e-05,0.4885484886803853
1958-08-01,0,0001,2.648455329684726e-05,0.821021152202265
1958-09-01,0,0001,0.00023285134257723902,6.98554027731717
1958-10-01,0,0001,0.0007394669161212679,22.923474399759304
1958-11-01,0,0001,0.0028713054404923633,86.1391632147709
1958-12-01,0,0001,0.0040500484205248845,125.55150103627142
1959-01-01,0,0001,0.004708716548563869,145.97021300547993
1959-02-01,0,0001,0.005136355194367944,143.81794544230243
1959-03-01,0,0001,0.0048895463504236856,151.57593686313425
1959-04-01,0,0001,0.0005690150424712474,17.070451274137422
1959-05-01,0,0001,7.785757266039097e-05,2.41358475247212
1959-06-01,0,0001,6.711007466672731e-05,2.0133022400018192
1959-07-01,0,0001,0.0001718350901166209,5.326887793615248
1959-08-01,0,0001,0.0001119761142934177,3.4712595430959485
1959-09-01,0,0001,0.0003431907623641121,10.295722870923363
1959-10-01,0,0001,0.000510920995340088,15.838550855542726
1959-11-01,0,0001,0.0015842756880484858,47.528270641454576
1959-12-01,0,0001,0.006075293920697706,188.3341115416289
1960-01-01,0,0001,0.008571200191104706,265.7072059242459
1960-02-01,0,0001,0.0030563000834971463,88.63270242141724
1960-03-01,0,0001,0.0013585179406968059,42.11405616160098
1960-04-01,0,0001,0.0003029141880964916,9.087425642894747
1960-05-01,0,0001,7.958377386603673e-06,0.24670969898471387
1960-06-01,0,0001,2.6721839012597905e-06,0.08016551703779372
1960-07-01,0,0001,3.8890985663341516e-05,1.205620555563587
1960-08-01,0,0001,7.64124923648287e-05,2.36878726330969
1960-09-01,0,0001,0.0011029402725936702,33.08820817781011
1960-10-01,0,0001,0.001403926232413554,43.52171320482017
1960-11-01,0,0001,0.003515596765713112,105.46790297139336
1960-12-01,0,0001,0.003963447810339508,122.86688212052475
1961-01-01,0,0001,0.0028056442523401895,86.97497182254588
1961-02-01,0,0001,0.004070800686573399,113.98241922405518
1961-03-01,0,0001,0.001738636389435045,53.897728072486395
1961-04-01,0,0001,0.0004587738283436769,13.763214850310307
1961-05-01,0,0001,0.00011896078034041406,3.6877841905528355
1961-06-01,0,0001,0.00012814123476583038,3.8442370429749113
1961-07-01,0,0001,3.299820548210529e-05,1.0229443699452638
1961-08-01,0,0001,0.0003556579401474755,11.02539614457174
1961-09-01,0,0001,0.0006691450200942727,20.07435060282818
1961-10-01,0,0001,0.0010978859485102637,34.03446440381818
1961-11-01,0,0001,0.0016203856863842776,48.61157059152833
1961-12-01,0,0001,0.00576812122103799,178.8117578521777
1962-01-01,0,0001,0.00403828362387454,125.18679234011074
1962-02-01,0,0001,0.004299946170803778,120.39849278250578
1962-03-01,0,0001,0.004505097601681319,139.65802565212087
1962-04-01,0,0001,0.0010922803760304808,32.76841128091442
1962-05-01,0,0001,7.28897837572251e-05,2.259583296473978
1962-06-01,0,0001,4.59466162270667e-06,0.1378398486812001
1962-07-01,0,0001,0.00025136257940595375,7.792239961584567
1962-08-01,0,0001,5.055703938295552e-05,1.567268220871621
1962-09-01,0,0001,0.0004172897242802043,12.518691728406129
1962-10-01,0,0001,0.00034321360454656345,10.639621740943467
1962-11-01,0,0001,0.0008874251075089834,26.622753225269502
1962-12-01,0,0001,0.003971784665951856,123.12532464450754
1963-01-01,0,0001,0.008650083103353984,268.1525762039735
1963-02-01,0,0001,0.0073057577080018615,204.5612158240521
1963-03-01,0,0001,0.004259756581154993,132.05245401580478
1963-04-01,0,0001,0.0009352260978628273,28.056782935884815
1963-05-01,0,0001,0.00035965290015227354,11.14923990472048
1963-06-01,0,0001,5.0212569042476776e-06,0.15063770712743033
1963-07-01,0,0001,4.80517700144272e-05,1.489604870447243
1963-08-01,0,0001,2.9320282919825436e-05,0.9089287705145884
1963-09-01,0,0001,0.0003823405789148566,11.470217367445699
1963-10-01,0,0001,0.0009818003315297977,30.435810277423727
1963-11-01,0,0001,0.0004618360092995534,13.855080278986602
1963-12-01,0,0001,0.004957461178406502,153.68129653060157
1964-01-01,0,0001,0.002963521710788222,91.86917303443488
1964-02-01,0,0001,0.004132255959956887,119.83542283874972
1964-03-01,0,0001,0.0033617659145599305,104.21474335135784
1964-04-01,0,0001,0.00015334346667537086,4.600304000261126
1964-05-01,0,0001,3.1559479710201155e-05,0.9783438710162357
1964-06-01,0,0001,1.215910363000174e-06,0.036477310890005214
1964-07-01,0,0001,6.625675617793995e-06,0.20539594415161386
1964-08-01,0,0001,0.00019305488368208526,5.9847013941446425
1964-09-01,0,0001,0.00037252399417990283,11.175719825397085
1964-10-01,0,0001,8.340731498697885e-05,2.5856267645963444
1964-11-01,0,0001,0.0010891507893543272,32.67452368062981
1964-12-01,0,0001,0.0032656557509250297,101.23532827867592
1965-01-01,0,0001,0.004329072878346845,134.20125922875218
1965-02-01,0,0001,0.003824201006716092,107.07762818805057
1965-03-01,0,0001,0.0029155085531019503,90.38076514616046
1965-04-01,0,0001,0.0005368051028653051,16.104153085959155
1965-05-01,0,0001,1.135148749238162e-05,0.3518961122638302
1965-06-01,0,0001,4.141425647300643e-06,0.12424276941901927
1965-07-01,0,0001,2.9704986879226402e-05,0.9208545932560185
1965-08-01,0,0001,0.0001532425770411068,4.750519888274311
1965-09-01,0,0001,0.001241616928409036,37.24850785227108
1965-10-01,0,0001,0.00017422232537947561,5.4008920867637435
1965-11-01,0,0001,0.0003525992151957177,10.57797645587153
1965-12-01,0,0001,0.0028512390132821026,88.38840941174519
1966-01-01,0,0001,0.003527437968822846,109.35057703350823
1966-02-01,0,0001,0.003010630099564759,84.29764278781325
1966-03-01,0,0001,0.001491183261162651,46.22668109604218
1966-04-01,0,0001,0.00023220958463950823,6.966287539185247
1966-05-01,0,0001,0.00041502887188994085,12.865895028588167
1966-06-01,0,0001,9.681632101128944e-06,0.2904489630338683
1966-07-01,0,0001,2.8176254500173245e-06,0.08734638895053706
1966-08-01,0,0001,5.126053620315705e-05,1.5890766222978687
1966-09-01,0,0001,0.00012815277722985028,3.8445833168955086
1966-10-01,0,0001,0.0012810243207735555,39.71175394398022
1966-11-01,0,0001,0.0013909406869836451,41.72822060950936
1966-12-01,0,0001,0.0044777217416253215,138.80937399038496
1967-01-01,0,0001,0.0034000254396200085,105.40078862822027
1967-02-01,0,0001,0.007014021621894128,196.39260541303557
1967-03-01,0,0001,0.00451944722204584,140.10286388342107
1967-04-01,0,0001,0.0013431521665740768,40.2945649972223
1967-05-01,0,0001,5.8467709548799105e-05,1.8124989960127724
1967-06-01,0,0001,0.000940287719265352,28.20863157796056
1967-07-01,0,0001,0.0002458895854999492,7.622577150498426
1967-08-01,0,0001,0.00034782615677453153,10.782610860010477
1967-09-01,0,0001,0.000985853340773359,29.57560022320077
1967-10-01,0,0001,0.0007021469303897597,21.76655484208255
1967-11-01,0,0001,0.0005417700657809555,16.253101973428663
1967-12-01,0,0001,0.005926352667913047,183.71693270530446
1968-01-01,0,0001,0.005203327482612644,161.30315196099195
1968-02-01,0,0001,0.008574463150364248,248.65943136056322
1968-03-01,0,0001,0.0031180983332641157,96.66104833118759
1968-04-01,0,0001,0.001353368641187868,40.60105923563604
1968-05-01,0,0001,0.0007311925493306772,22.666969029250993
1968-06-01,0,0001,6.170999004775824e-05,1.8512997014327472
1968-07-01,0,0001,4.561924790797609e-05,1.4141966851472587
1968-08-01,0,0001,4.987202743007248e-05,1.5460328503322471
1968-09-01,0,0001,1.528238663779477e-05,0.45847159913384306
1968-10-01,0,0001,0.0006859728234994092,21.265157528481684
1968-11-01,0,0001,0.0031161344067178014,93.48403220153403
1968-12-01,0,0001,0.002832262411319448,87.80013475090288
1969-01-01,0,0001,0.005893215537043317,182.68968164834286
1969-02-01,0,0001,0.005650979463322138,158.22742497301985
1969-03-01,0,0001,0.0023034745720182377,71.40771173256537
1969-04-01,0,0001,0.0006496711856903705,19.490135570711114
1969-05-01,0,0001,3.8853130337270994e-05,1.2044470404554006
1969-06-01,0,0001,2.4558536041070534e-05,0.7367560812321161
1969-07-01,0,0001,3.70894343558854e-06,0.11497724650324474
1969-08-01,0,0001,1.8571985681841756e-05,0.5757315561370944
1969-09-01,0,0001,4.414725101193427e-05,1.3244175303580281
1969-10-01,0,0001,0.0005881309862915449,18.232060575037895
1969-11-01,0,0001,0.0019682513622009535,59.047540866028605
1969-12-01,0,0001,0.0044101158583429115,136.71359160863025
1970-01-01,0,0001,0.006430177387284424,199.33549900581713
1970-02-01,0,0001,0.00511667602845142,143.26692879663975
1970-03-01,0,0001,0.006938137835126017,215.08227288890654
1970-04-01,0,0001,0.0006193778109896832,18.5813343296905
1970-05-01,0,0001,0.00018766776529610988,5.817700724179406
1970-06-01,0,0001,2.568729457315403e-06,0.0770618837194621
1970-07-01,0,0001,0.0001563830222399419,4.847873689438199
1970-08-01,0,0001,9.621355513848083e-05,2.982620209292906
1970-09-01,0,0001,0.0008981017728862532,26.943053186587594
1970-10-01,0,0001,0.0004212524238595498,13.058825139646043
1970-11-01,0,0001,0.0007488552112064667,22.465656336194
1970-12-01,0,0001,0.005200251980354427,161.20781139098725
1971-01-01,0,0001,0.004323318658809863,134.02287842310577
1971-02-01,0,0001,0.006632915854543402,185.72164392721524
1971-03-01,0,0001,0.002064330043975601,63.99423136324363
1971-04-01,0,0001,0.0005952843297479891,17.858529892439673
1971-05-01,0,0001,1.86352826372984e-05,0.5776937617562504
1971-06-01,0,0001,0.00012849323979798063,3.8547971939394188
1971-07-01,0,0001,0.0003274083817565592,10.149659834453335
1971-08-01,0,0001,0.0002766919917076583,8.577451742937408
1971-09-01,0,0001,3.509594529715033e-05,1.05287835891451
1971-10-01,0,0001,0.0007273925094083074,22.54916779165753
1971-11-01,0,0001,0.0020101976874390146,60.30593062317044
1971-12-01,0,0001,0.002793610705213432,86.60193186161639
1972-01-01,0,0001,0.0064551021406742395,200.10816636090144
1972-02-01,0,0001,0.0031996982663380917,92.79124972380467
1972-03-01,0,0001,0.002211758671089172,68.56451880376433
1972-04-01,0,0001,0.0004958311047242619,14.874933141727857
1972-05-01,0,0001,3.95752706933305e-05,1.2268333914932457
1972-06-01,0,0001,2.405388355059119e-06,0.07216165065177357
1972-07-01,0,0001,3.293938852694888e-05,1.021121044335415
1972-08-01,0,0001,1.8225524561285381e-06,0.05649912613998468
1972-09-01,0,0001,0.0006133070685201003,18.39921205560301
1972-10-01,0,0001,0.000238541790310584,7.394795499628104
1972-11-01,0,0001,0.0007259149357450659,21.777448072351977
1972-12-01,0,0001,0.006316993675294757,195.82680393413744
1973-01-01,0,0001,0.00452958330416799,140.41708242920768
1973-02-01,0,0001,0.004850872380839881,135.82442666351668
1973-03-01,0,0001,0.0036809590142917606,114.10972944304459
1973-04-01,0,0001,0.0009307223626362693,27.921670879088076
1973-05-01,0,0001,0.0004683912561869777,14.520128941796308
1973-06-01,0,0001,0.00015407128347620725,4.622138504286218
1973-07-01,0,0001,1.0832822675913787e-05,0.3358175029533274
1973-08-01,0,0001,0.0005528255753496506,17.13759283583917
1973-09-01,0,0001,0.000271241742820196,8.13725228460588
1973-10-01,0,0001,0.00034044809797231595,10.553891037141794
1973-11-01,0,0001,0.0010379323719921804,31.137971159765414
1973-12-01,0,0001,0.0035140856761554165,108.93665596081792
1974-01-01,0,0001,0.007434813993858911,230.47923380962624
1974-02-01,0,0001,0.007694635239164596,215.4497866966087
1974-03-01,0,0001,0.0038537097319502655,119.46500169045824
1974-04-01,0,0001,0.0012442901579356239,37.328704738068716
1974-05-01,0,0001,1.7328947801182425e-05,0.5371973818366552
1974-06-01,0,0001,4.959670105154507e-06,0.1487901031546352
1974-07-01,0,0001,3.191237798580294e-05,0.9892837175598912
1974-08-01,0,0001,0.0006582905005631163,20.407005517456604
1974-09-01,0,0001,0.00024257979796434072,7.277393938930222
1974-10-01,0,0001,4.330059222699016e-05,1.342318359036695
1974-11-01,0,0001,0.0009526199478989807,28.578598436969422
1974-12-01,0,0001,0.004420055709299144,137.02172698827346
1975-01-01,0,0001,0.006651300099525857,206.19030308530157
1975-02-01,0,0001,0.006079251707729445,170.21904781642448
1975-03-01,0,0001,0.0033145084210280023,102.74976105186808
1975-04-01,0,0001,0.0006335209487887965,19.005628463663896
1975-05-01,0,0001,0.00011791553774878602,3.6553816702123667
1975-06-01,0,0001,0.0004173129234091327,12.519387702273981
1975-07-01,0,0001,1.9771007432754476e-05,0.6129012304153887
1975-08-01,0,0001,0.00012852809171071044,3.9843708430320235
1975-09-01,0,0001,0.0005287441859467577,15.862325578402732
1975-10-01,0,0001,0.0007750864505432041,24.027679966839326
1975-11-01,0,0001,0.0004051674800936232,12.155024402808694
1975-12-01,0,0001,0.0044702708067108346,138.57839500803587
1976-01-01,0,0001,0.005828477064710329,180.68278900602022
1976-02-01,0,0001,0.004389997116048467,127.30991636540556
1976-03-01,0,0001,0.004323916236040853,134.04140331726643
1976-04-01,0,0001,0.0004477310109316666,13.431930327949997
1976-05-01,0,0001,0.0001741624332314525,5.399035430175028
1976-06-01,0,0001,3.427292926889301e-05,1.0281878780667904
1976-07-01,0,0001,8.401833532802999e-05,2.6045683951689296
1976-08-01,0,0001,0.0008767494932679621,27.179234291306827
1976-09-01,0,0001,0.0011802461740211237,35.407385220633714
1976-10-01,0,0001,6.147233224046575e-05,1.9056422994544384
1976-11-01,0,0001,0.0010488176384827273,31.46452915448182
1976-12-01,0,0001,0.003059416506080818,94.84191168850536
1977-01-01,0,0001,0.004069678890072631,126.16004559225158
1977-02-01,0,0001,0.005038639705679452,141.08191175902465
1977-03-01,0,0001,0.005041367874048596,156.28240409550648
1977-04-01,0,0001,0.0006725999489036726,20.17799846711018
1977-05-01,0,0001,0.0005387190143576996,16.70028944508869
1977-06-01,0,0001,3.7754978031354315e-06,0.11326493409406294
1977-07-01,0,0001,0.00017364956458721764,5.3831365022037465
1977-08-01,0,0001,0.0003043174323862137,9.433840403972624
1977-09-01,0,0001,0.0007157740991138599,21.473222973415798
1977-10-01,0,0001,0.0016350967408126943,50.68799896519353
1977-11-01,0,0001,0.0038116444203492145,114.34933261047644
1977-12-01,0,0001,0.005052055732930163,156.61372772083507
1978-01-01,0,0001,0.006013020848684636,186.40364630922372
1978-02-01,0,0001,0.007505334400786046,210.14936322200927
1978-03-01,0,0001,0.0043071284540397775,133.52098207523312
1978-04-01,0,0001,0.0022480948649758726,67.44284594927618
1978-05-01,0,0001,2.2912472451939374e-05,0.7102866460101206
1978-06-01,0,0001,1.1217448262778673e-05,0.3365234478833602
1978-07-01,0,0001,0.0001753685183582108,5.436424069104535
1978-08-01,0,0001,0.0007949142076981503,24.64234043864266
1978-09-01,0,0001,0.00026151879512218844,7.845563853665654
1978-10-01,0,0001,0.0008664638134587367,26.860378217220838
1978-11-01,0,0001,0.0024464029169141126,73.39208750742337
1978-12-01,0,0001,0.005181476766033086,160.62577974702566
1979-01-01,0,0001,0.0110266668620621,341.82667272392507
1979-02-01,0,0001,0.0032627900745455275,91.35812208727477
1979-03-01,0,0001,0.004666136777027354,144.650240087848
1979-04-01,0,0001,0.00033188042451794223,9.956412735538267
1979-05-01,0,0001,1.5272257506417938e-05,0.4734399826989561
1979-06-01,0,0001,0.00013315320733497948,3.9945962200493845
1979-07-01,0,0001,3.470902330319909e-05,1.0759797223991716
1979-08-01,0,0001,2.7595451273778338e-05,0.8554589894871284
1979-09-01,0,0001,6.065521759898757e-05,1.819656527969627
1979-10-01,0,0001,0.0006919195195425352,21.44950510581859
1979-11-01,0,0001,0.0012417632073663128,37.252896220989385
1979-12-01,0,0001,0.005823466669164807,180.52746674410903
1980-01-01,0,0001,0.0019627875991941866,60.84641557501978
1980-02-01,0,0001,0.0024078822349374645,69.82858481318648
1980-03-01,0,0001,0.0043849519894167705,135.9335116719199
1980-04-01,0,0001,0.0002053323809954986,6.159971429864958
1980-05-01,0,0001,7.66271766022325e-05,2.3754424746692075
1980-06-01,0,0001,1.958406638351531e-05,0.5875219915054593
1980-07-01,0,0001,0.0003150510142332059,9.766581441229384
1980-08-01,0,0001,0.0003556580846360392,11.025400623717214
1980-09-01,0,0001,0.0005711455935164945,17.134367805494836
1980-10-01,0,0001,0.001300727688604051,40.32255834672558
1980-11-01,0,0001,0.000872404461884954,26.17213385654862
1980-12-01,0,0001,0.002254294717384673,69.88313623892486
1981-01-01,0,0001,0.005654147106895044,175.27856031374637
1981-02-01,0,0001,0.007251252430290863,203.03506804814415
1981-03-01,0,0001,0.0038560087440738223,119.53627106628849
1981-04-01,0,0001,0.0012353037535428192,37.05911260628458
1981-05-01,0,0001,4.7805521541533566e-05,1.4819711677875405
1981-06-01,0,0001,1.1806365125917608e-06,0.03541909537775282
1981-07-01,0,0001,1.4472032399962447e-06,0.04486330043988358
1981-08-01,0,0001,0.0008023164430386773,24.871809734198997
1981-09-01,0,0001,0.0012443629403496676,37.33088821049003
1981-10-01,0,0001,0.0006292433330214455,19.50654332366481
1981-11-01,0,0001,0.0023028321449755523,69.08496434926657
1981-12-01,0,0001,0.0035567374488397418,110.25886091403198
1982-01-01,0,0001,0.0068792121289977136,213.25557599892912
1982-02-01,0,0001,0.005179548029914329,145.02734483760122
1982-03-01,0,0001,0.0039021284036880894,120.96598051433077
1982-04-01,0,0001,0.001289057203096297,38.671716092888914
1982-05-01,0,0001,0.00012818771092317456,3.9738190386184113
1982-06-01,0,0001,1.733335929779039e-05,0.5200007789337118
1982-07-01,0,0001,6.529100807250559e-06,0.20240212502476734
1982-08-01,0,0001,0.00011953284198361276,3.7055181014919953
1982-09-01,0,0001,0.0008669680984048746,26.00904295214624
1982-10-01,0,0001,0.0012161060516889435,37.699287602357245
1982-11-01,0,0001,0.002572215207532274,77.16645622596822
1982-12-01,0,0001,0.0024457858278162585,75.81936066230402
1983-01-01,0,0001,0.0029541471099209784,91.57856040755033
1983-02-01,0,0001,0.003965546347687929,111.03529773526202
1983-03-01,0,0001,0.000602438281761395,18.675586734603243
1983-04-01,0,0001,0.0007111636236564881,21.33490870969464
1983-05-01,0,0001,0.00016625640036554325,5.153948411331841
1983-06-01,0,0001,2.9122656762710046e-05,0.8736797028813014
1983-07-01,0,0001,7.211243065506939e-05,2.235485350307151
1983-08-01,0,0001,0.0004700721216334978,14.57223577063843
1983-09-01,0,0001,0.0010961156014369254,32.88346804310776
1983-10-01,0,0001,0.0006359253418544478,19.713685597487885
1983-11-01,0,0001,0.001268483459791847,38.05450379375541
1983-12-01,0,0001,0.004352316237547482,134.92180336397195
1984-01-01,0,0001,0.009220234913016769,285.82728230351984
1984-02-01,0,0001,0.007647313229616223,221.77208365887046
1984-03-01,0,0001,0.005122697246945952,158.80361465532454
1984-04-01,0,0001,0.0003981574529209083,11.94472358762725
1984-05-01,0,0001,4.4073639088732106e-05,1.3662828117506953
1984-06-01,0,0001,0.0004347065464499709,13.041196393499128
1984-07-01,0,0001,3.2845897110633055e-05,1.0182228104296247
1984-08-01,0,0001,0.0011124510639789562,34.48598298334765
1984-09-01,0,0001,0.0002172775420362922,6.518326261088766
1984-10-01,0,0001,0.0023877471612416845,74.02016199849223
1984-11-01,0,0001,0.004894960549614618,146.84881648843853
1984-12-01,0,0001,0.0031632223360424476,98.05989241731587
1985-01-01,0,0001,0.007659918903585567,237.4574860111526
1985-02-01,0,0001,0.0056017664759879324,156.8494613276621
1985-03-01,0,0001,0.003817785888086988,118.35136253069663
1985-04-01,0,0001,0.0031737354223697685,95.21206267109305
1985-05-01,0,0001,0.0002618868974509444,8.118493820979277
1985-06-01,0,0001,0.0004224998420255809,12.674995260767426
1985-07-01,0,0001,0.00011779477235813894,3.6516379431023074
1985-08-01,0,0001,0.00022207460782435219,6.884312842554918
1985-09-01,0,0001,0.0006847046318647514,20.541138955942543
1985-10-01,0,0001,0.0007156808353474324,22.186105895770403
1985-11-01,0,0001,0.006037361861682294,181.1208558504688
1985-12-01,0,0001,0.007586056448626628,235.16774990742547
1986-01-01,0,0001,0.005958877689088466,184.72520836174246
1986-02-01,0,0001,0.006889224789367321,192.89829410228498
1986-03-01,0,0001,0.00466844874587977,144.72191112227287
1986-04-01,0,0001,0.001057866542269718,31.735996268091537
1986-05-01,0,0001,0.00036364542641033657,11.273008218720433
1986-06-01,0,0001,3.457662218613012e-05,1.0372986655839036
1986-07-01,0,0001,3.206843915092454e-05,0.9941216136786608
1986-08-01,0,0001,0.00013103344051314085,4.062036655907367
1986-09-01,0,0001,0.00019625915861171294,5.887774758351388
1986-10-01,0,0001,0.0006618904125262022,20.518602788312265
1986-11-01,0,0001,0.0017912303624349722,53.73691087304917
1986-12-01,0,0001,0.006620268084314878,205.22831061376124
1987-01-01,0,0001,0.008856585170728997,274.5541402925989
1987-02-01,0,0001,0.0019240631912760093,53.873769355728264
1987-03-01,0,0001,0.004055450517475514,125.71896604174093
1987-04-01,0,0001,0.0008473626168467656,25.420878505402968
1987-05-01,0,0001,0.00021547612638528172,6.679759917943733
1987-06-01,0,0001,0.0004039082531327311,12.117247593981933
1987-07-01,0,0001,0.00022557057525746536,6.992687832981426
1987-08-01,0,0001,3.535039940628014e-05,1.0958623815946844
1987-09-01,0,0001,0.0005987927871416949,17.963783614250847
1987-10-01,0,0001,0.0014818703710685734,45.937981503125776
1987-11-01,0,0001,0.002854539370703974,85.63618112111924
1987-12-01,0,0001,0.0016643739319622426,51.595591890829525
1988-01-01,0,0001,0.008503715470873268,263.6151795970713
1988-02-01,0,0001,0.003520367491675881,102.09065725860054
1988-03-01,0,0001,0.007195182226379861,223.0506490177757
1988-04-01,0,0001,0.002334344164269773,70.0303249280932
1988-05-01,0,0001,0.00025066845782647715,7.7707221926207914
1988-06-01,0,0001,0.0001184668712179952,3.554006136539856
1988-07-01,0,0001,6.256751728239738e-05,1.9395930357543187
1988-08-01,0,0001,1.5163293784236235e-05,0.47006210731132325
1988-09-01,0,0001,0.0014170897281590461,42.51269184477138
1988-10-01,0,0001,0.0004549573787143678,14.103678740145401
1988-11-01,0,0001,0.0011110448161952863,33.33134448585859
1988-12-01,0,0001,0.003537980850846595,109.67740637624445
1989-01-01,0,0001,0.004794745454949736,148.63710910344182
1989-02-01,0,0001,0.004314447623660851,120.80453346250383
1989-03-01,0,0001,0.004861404467751832,150.7035385003068
1989-04-01,0,0001,0.0036548637318325333,109.645911954976
1989-05-01,0,0001,0.00015412706961928264,4.7779391581977615
1989-06-01,0,0001,0.00013045512310290612,3.9136536930871837
1989-07-01,0,0001,0.00019320004073693797,5.989201262845077
1989-08-01,0,0001,5.516505939730881e-05,1.7101168413165733
1989-09-01,0,0001,0.0002114587640088939,6.343762920266817
1989-10-01,0,0001,0.0004929835218788641,15.282489178244788
1989-11-01,0,0001,0.001097712141370094,32.93136424110282
1989-12-01,0,0001,0.0033997075556020536,105.39093422366366
1990-01-01,0,0001,0.006086021358557513,188.66666211528292
1990-02-01,0,0001,0.0040328688635565685,112.92032817958392
1990-03-01,0,0001,0.0016225860287073107,50.30016688992663
1990-04-01,0,0001,0.0013510727714827293,40.53218314448188
1990-05-01,0,0001,0.0003094445404170763,9.592780752929364
1990-06-01,0,0001,0.0002460155305778811,7.380465917336433
1990-07-01,0,0001,2.007165432466666e-05,0.6222212840646664
1990-08-01,0,0001,0.0002778839118249238,8.614401266572639
1990-09-01,0,0001,3.2315489540931065e-05,0.9694646862279319
1990-10-01,0,0001,0.0020058155531905517,62.180282148907104
1990-11-01,0,0001,0.00272792220760095,81.8376662280285
1990-12-01,0,0001,0.004768788883302065,147.832455382364
1991-01-01,0,0001,0.005782869828580505,179.26896468599566
1991-02-01,0,0001,0.0040232631519251175,112.65136825390329
1991-03-01,0,0001,0.0033701274424405717,104.47395071565772
1991-04-01,0,0001,0.0008150091398441068,24.450274195323203
1991-05-01,0,0001,1.7298554945144284e-05,0.5362552032994727
1991-06-01,0,0001,1.3450496108479398e-05,0.40351488325438195
1991-07-01,0,0001,5.0078509219835e-05,1.552433785814885
1991-08-01,0,0001,0.00010035435310632677,3.1109849462961296
1991-09-01,0,0001,0.00025286763425745444,7.586029027723633
1991-10-01,0,0001,0.0012332248071936537,38.22996902300327
1991-11-01,0,0001,0.0022111022189443335,66.33306656833001
1991-12-01,0,0001,0.0041740426430166375,129.39532193351576
1992-01-01,0,0001,0.0069738629588553,216.1897517245143
1992-02-01,0,0001,0.0047449544520781,137.6036791102649
1992-03-01,0,0001,0.0012169119788148722,37.724271343261044
1992-04-01,0,0001,0.0002825024439114171,8.475073317342513
1992-05-01,0,0001,1.5811192840907266e-06,0.04901469780681252
1992-06-01,0,0001,0.000617891573348822,18.536747200464657
1992-07-01,0,0001,6.91907402481984e-05,2.1449129476941504
1992-08-01,0,0001,0.00019444496752581565,6.027793993300285
1992-09-01,0,0001,2.8041024390833e-05,0.84123073172499
1992-10-01,0,0001,0.0012367585102696906,38.33951381836041
1992-11-01,0,0001,0.0020430387924309274,61.291163772927824
1992-12-01,0,0001,0.0028688570329320913,88.93456802089483
1993-01-01,0,0001,0.008152610296253285,252.73091918385182
1993-02-01,0,0001,0.002420869075054475,67.7843341015253
1993-03-01,0,0001,0.004868511571926596,150.92385872972446
1993-04-01,0,0001,0.0011139076063533615,33.417228190600845
1993-05-01,0,0001,0.00018514007169068473,5.739342222411226
1993-06-01,0,0001,1.4877241748780484e-05,0.4463172524634145
1993-07-01,0,0001,2.7262163557411363e-05,0.8451270702797523
1993-08-01,0,0001,0.000847335598869353,26.267403564949944
1993-09-01,0,0001,0.00033240088698664077,9.972026609599224
1993-10-01,0,0001,0.0023246071674236373,72.06282219013275
1993-11-01,0,0001,0.003002371798540023,90.07115395620069
1993-12-01,0,0001,0.006840893084247251,212.06768561166479
1994-01-01,0,0001,0.006441930743291414,199.69985304203382
1994-02-01,0,0001,0.0064732888498458445,181.25208779568365
1994-03-01,0,0001,0.0021473636401435608,66.56827284445038
1994-04-01,0,0001,0.00124389964809645,37.316989442893494
1994-05-01,0,0001,6.338763792491014e-05,1.9650167756722143
1994-06-01,0,0001,4.90382629614576e-06,0.14711478888437282
1994-07-01,0,0001,4.222062417663914e-05,1.3088393494758133
1994-08-01,0,0001,0.0001877448823795926,5.820091353767371
1994-09-01,0,0001,0.00046946171726289064,14.08385151788672
1994-10-01,0,0001,0.0006710161235122447,20.801499828879585
1994-11-01,0,0001,0.001833569524364619,55.00708573093857
1994-12-01,0,0001,0.0045605415518480755,141.37678810729034
1995-01-01,0,0001,0.005829130722211828,180.70305238856665
1995-02-01,0,0001,0.0027457764939672388,76.88174183108268
1995-03-01,0,0001,0.003586925885951795,111.19470246450565
1995-04-01,0,0001,0.00023431123337171473,7.0293370011514416
1995-05-01,0,0001,0.00023573517359623962,7.307790381483428
1995-06-01,0,0001,2.1424883713119666e-06,0.064274651139359
1995-07-01,0,0001,1.9896797749906174e-05,0.6168007302470914
1995-08-01,0,0001,0.000297163050967362,9.212054579988221
1995-09-01,0,0001,0.0005458053626982602,16.374160880947805
1995-10-01,0,0001,0.00039366245650757347,12.203536151734777
1995-11-01,0,0001,0.0008951967680674937,26.85590304202481
1995-12-01,0,0001,0.0028630270270146477,88.75383783745409
1996-01-01,0,0001,0.0055346089669020175,171.57287797396253
1996-02-01,0,0001,0.003568753156800909,103.49384154722637
1996-03-01,0,0001,0.002708832153168921,83.97379674823657
1996-04-01,0,0001,0.0009051316669756827,27.15395000927048
1996-05-01,0,0001,0.0002720370123470004,8.433147382757012
1996-06-01,0,0001,0.0001348725128539049,4.046175385617147
1996-07-01,0,0001,6.553130288661414e-05,2.0314703894850386
1996-08-01,0,0001,0.0009947426225387032,30.837021298699796
1996-09-01,0,0001,0.0004313224328156962,12.939672984470887
1996-10-01,0,0001,0.00045670003675415125,14.15770113937869
1996-11-01,0,0001,0.0019441828274355936,58.325484823067804
1996-12-01,0,0001,0.005461790915723967,169.315518387443
1997-01-01,0,0001,0.007951915668093754,246.5093857109064
1997-02-01,0,0001,0.0053281598591242065,149.18847605547776
1997-03-01,0,0001,0.00315183088934485,97.70675756969034
1997-04-01,0,0001,0.0012149301640397528,36.44790492119258
1997-05-01,0,0001,0.00011414019664107625,3.5383460958733637
1997-06-01,0,0001,1.2139797749563803e-06,0.03641939324869141
1997-07-01,0,0001,1.3226606801955596e-05,0.4100248108606235
1997-08-01,0,0001,0.0007191126518491193,22.2924922073227
1997-09-01,0,0001,0.0011393009452077662,34.17902835623299
1997-10-01,0,0001,0.0002203480602684341,6.830789868321458
1997-11-01,0,0001,0.0012900319954583306,38.70095986374992
1997-12-01,0,0001,0.0009991931237318295,30.974986835686714
1998-01-01,0,0001,0.00390891024148239,121.1762174859541
1998-02-01,0,0001,0.0035503129022304643,99.408761262453
1998-03-01,0,0001,0.0017283552385224034,53.57901239419451
1998-04-01,0,0001,0.000869443297891976,26.083298936759277
1998-05-01,0,0001,3.076669231810275e-05,0.9537674618611852
1998-06-01,0,0001,0.0009007817399512971,27.023452198538912
1998-07-01,0,0001,3.7111236610432084e-05,1.1504483349233947
1998-08-01,0,0001,0.00018607790110192803,5.768414934159769
1998-09-01,0,0001,8.354716014701965e-05,2.5064148044105896
1998-10-01,0,0001,0.001011557163492781,31.35827206827621
1998-11-01,0,0001,0.002104596870512654,63.137906115379614
1998-12-01,0,0001,0.001549542761015071,48.0358255914672
1999-01-01,0,0001,0.003621983869444122,112.28149995276777
1999-02-01,0,0001,0.006707370668800233,187.8063787264065
1999-03-01,0,0001,0.005863476950764619,181.7677854737032
1999-04-01,0,0001,0.0013164265566871821,39.492796700615465
1999-05-01,0,0001,9.995481161068617e-05,3.0985991599312714
1999-06-01,0,0001,1.1489505157750587e-05,0.3446851547325176
1999-07-01,0,0001,0.00025809621973999516,8.000982811939851
1999-08-01,0,0001,0.00015448878287473438,4.789152269116766
1999-09-01,0,0001,0.0011433411936339626,34.30023580901888
1999-10-01,0,0001,0.00141400252304191,43.83407821429921
1999-11-01,0,0001,0.0002892077996671242,8.676233990013728
1999-12-01,0,0001,0.002192411985664279,67.96477155559265
2000-01-01,0,0001,0.006577079659465843,203.8894694434411
2000-02-01,0,0001,0.005150516802892065,149.3649872838699
2000-03-01,0,0001,0.0036107559401721027,111.93343414533518
2000-04-01,0,0001,0.0004946634675328769,14.839904025986305
2000-05-01,0,0001,0.0003113603678701672,9.652171403975185
2000-06-01,0,0001,0.00023090763605903924,6.927229081771177
2000-07-01,0,0001,3.232266642678304e-05,1.0020026592302742
2000-08-01,0,0001,0.0002261477824689546,7.010581256537592
2000-09-01,0,0001,0.00017537634107263014,5.2612902321789035
2000-10-01,0,0001,0.001155919334085114,35.833499356638534
2000-11-01,0,0001,0.00043124013366644163,12.937204009993248
2000-12-01,0,0001,0.0035711874572146142,110.70681117365304
2001-01-01,0,0001,0.0095753149953954,296.8347648572574
2001-02-01,0,0001,0.007600474134699599,212.81327577158876
2001-03-01,0,0001,0.00447522937345186,138.7321105770077
2001-04-01,0,0001,0.0008654671915647587,25.96401574694276
2001-05-01,0,0001,0.00015238085785950907,4.723806593644781
2001-06-01,0,0001,6.518813411702464e-05,1.9556440235107393
2001-07-01,0,0001,3.0279204595319743e-05,0.938655342454912
2001-08-01,0,0001,0.0006459805350189832,20.025396585588478
2001-09-01,0,0001,0.0003256364175812144,9.769092527436433
2001-10-01,0,0001,0.0008156850524766051,25.28623662677476
2001-11-01,0,0001,0.0014074999413617078,42.224998240851235
2001-12-01,0,0001,0.0033159917613926663,102.79574460317266
2002-01-01,0,0001,0.0027195613557053112,84.30640202686465
2002-02-01,0,0001,0.005982346640476935,167.50570593335416
2002-03-01,0,0001,0.003554126353340082,110.17791695354254
2002-04-01,0,0001,0.0019283593936446429,57.85078180933929
2002-05-01,0,0001,0.0002493267818405438,7.729130237056858
2002-06-01,0,0001,0.00014748216774934235,4.424465032480271
2002-07-01,0,0001,0.0011861429999093407,36.77043299718956
2002-08-01,0,0001,0.0001509668472034705,4.679972263307586
2002-09-01,0,0001,0.00018187341712446977,5.456202513734093
2002-10-01,0,0001,0.002082001179655716,64.5420365693272
2002-11-01,0,0001,0.0014827515292664922,44.48254587799477
2002-12-01,0,0001,0.0020679957973191473,64.10786971689357
2003-01-01,0,0001,0.005377856497384272,166.71355141891246
2003-02-01,0,0001,0.005454178083764386,152.7169863454028
2003-03-01,0,0001,0.003853096715044677,119.44599816638498
2003-04-01,0,0001,0.0005193832755787512,15.581498267362537
2003-05-01,0,0001,0.00032657852409501495,10.123934246945463
2003-06-01,0,0001,2.2470551344765388e-06,0.06741165403429616
2003-07-01,0,0001,0.0005494675165289522,17.033493012397518
2003-08-01,0,0001,0.00045363583997478973,14.062711039218481
2003-09-01,0,0001,0.00023762488766947433,7.12874663008423
2003-10-01,0,0001,0.0004543883677435605,14.086039400050375
2003-11-01,0,0001,0.0006995815657992142,20.98744697397643
2003-12-01,0,0001,0.004210095085899501,130.51294766288453
2004-01-01,0,0001,0.007241171142089635,224.47630540477866
2004-02-01,0,0001,0.005991076438285902,173.74121671029116
2004-03-01,0,0001,0.002537960381091192,78.67677181382696
2004-04-01,0,0001,0.00047923408765294094,14.377022629588229
2004-05-01,0,0001,5.280246950707907e-05,1.636876554719451
2004-06-01,0,0001,2.161659921993236e-05,0.6484979765979707
2004-07-01,0,0001,0.0005059100100290628,15.683210310900947
2004-08-01,0,0001,0.0015855565695956743,49.152253657465906
2004-09-01,0,0001,0.00034408908359652603,10.322672507895781
2004-10-01,0,0001,0.0002199013938216149,6.816943208470062
2004-11-01,0,0001,0.0005909912725948853,17.72973817784656
2004-12-01,0,0001,0.002202937904822768,68.29107504950579
2005-01-01,0,0001,0.0063427616514961024,196.62561119637917
2005-02-01,0,0001,0.00708563104842955,198.3976693560274
2005-03-01,0,0001,0.0027137686763893352,84.12682896806939
2005-04-01,0,0001,0.0009310924014578844,27.932772043736534
2005-05-01,0,0001,4.264130414461263e-05,1.3218804284829917
2005-06-01,0,0001,1.091907319069619e-06,0.03275721957208857
2005-07-01,0,0001,4.874115419573446e-05,1.5109757800677683
2005-08-01,0,0001,1.4650586356275625e-05,0.45416817704454443
2005-09-01,0,0001,0.0014291618553836174,42.874855661508526
2005-10-01,0,0001,0.0012533609961731564,38.85419088136785
2005-11-01,0,0001,0.0019803255750269638,59.40976725080891
2005-12-01,0,0001,0.004516815358651639,140.0212761182008
2006-01-01,0,0001,0.007447027785079161,230.85786133745398
2006-02-01,0,0001,0.004290907825858743,120.14541912404482
2006-03-01,0,0001,0.00447537054009562,138.73648674296425
2006-04-01,0,0001,0.0010858050508590138,32.57415152577042
2006-05-01,0,0001,0.0002979413812732566,9.236182819470955
2006-06-01,0,0001,2.41178185331151e-05,0.7235345559934531
2006-07-01,0,0001,2.955019921549203e-06,0.09160561756802528
2006-08-01,0,0001,0.00013044814647322062,4.043892540669839
2006-09-01,0,0001,0.0005457073078283384,16.37121923485015
2006-10-01,0,0001,0.0009988906807925496,30.96561110456904
2006-11-01,0,0001,0.0018540060430558565,55.62018129167569
2006-12-01,0,0001,0.0023005517082257403,71.31710295499795
2007-01-01,0,0001,0.004809711163892637,149.10104608067172
2007-02-01,0,0001,0.002584553734168591,72.36750455672055
2007-03-01,0,0001,0.00480984217303604,149.10510736411726
2007-04-01,0,0001,0.0008652441888204149,25.957325664612444
2007-05-01,0,0001,7.169921041003849e-05,2.222675522711193
2007-06-01,0,0001,6.633845690277561e-05,1.9901537070832684
2007-07-01,0,0001,0.00012365361584301606,3.833262091133498
2007-08-01,0,0001,0.0001251705259777772,3.8802863053110928
2007-09-01,0,0001,0.0009736839926876781,29.210519780630342
2007-10-01,0,0001,0.0007936058119426673,24.601780170222682
2007-11-01,0,0001,0.0020362127918877055,61.08638375663117
2007-12-01,0,0001,0.0026681200140817713,82.7117204365349
2008-01-01,0,0001,0.008173038274652563,253.3641865142295
2008-02-01,0,0001,0.0027075837432438818,78.51992855407256
2008-03-01,0,0001,0.0027000373572304993,83.70115807414548
2008-04-01,0,0001,0.000565860080314548,16.97580240943644
2008-05-01,0,0001,5.3639521715010175e-06,0.16628251731653154
2008-06-01,0,0001,1.4846763427349307e-05,0.4454029028204792
2008-07-01,0,0001,2.949273779948711e-05,0.9142748717841004
2008-08-01,0,0001,0.0001721647875107692,5.337108412833845
2008-09-01,0,0001,0.00010217074410828496,3.065122323248549
2008-10-01,0,0001,0.0006367083660185328,19.73795934657452
2008-11-01,0,0001,0.0007088261263735353,21.264783791206057
2008-12-01,0,0001,0.006060282273943801,187.86875049225782
2009-01-01,0,0001,0.003939166895911283,122.11417377324976
2009-02-01,0,0001,0.005855861253696568,163.9641151035039
2009-03-01,0,0001,0.0036956508669145098,114.5651768743498
2009-04-01,0,0001,0.0010929631535525946,32.78889460657784
2009-05-01,0,0001,9.37909729914297e-05,2.9075201627343206
2009-06-01,0,0001,1.649294715000108e-06,0.04947884145000324
2009-07-01,0,0001,0.00010019232704224962,3.1059621383097387
2009-08-01,0,0001,9.124426249317402e-06,0.28285721372883943
2009-09-01,0,0001,0.00021230923359994572,6.369277007998371
2009-10-01,0,0001,0.00010158472071751884,3.149126342243084
2009-11-01,0,0001,0.002057710483414697,61.73131450244091
2009-12-01,0,0001,0.0040997699334014035,127.0928679354435
2010-01-01,0,0001,0.005481861802320116,169.93771587192361
2010-02-01,0,0001,0.004701117578203516,131.63129218969843
2010-03-01,0,0001,0.0023892390009477692,74.06640902938085
2010-04-01,0,0001,0.0008831852352640217,26.49555705792065
2010-05-01,0,0001,0.0008770445994146099,27.188382581852906
2010-06-01,0,0001,4.597457575822286e-06,0.1379237272746686
2010-07-01,0,0001,7.39271215030265e-05,2.291740766593821
2010-08-01,0,0001,5.668221061434505e-05,1.7571485290446966
2010-09-01,0,0001,0.00033718405143157317,10.115521542947194
2010-10-01,0,0001,0.0006763067930153881,20.96551058347703
2010-11-01,0,0001,0.0003704827439040147,11.11448231712044
2010-12-01,0,0001,0.003953853349252559,122.56945382682933
2011-01-01,0,0001,0.0032258211987564417,100.00045716144969
2011-02-01,0,0001,0.009256563902712837,259.18378927595944
2011-03-01,0,0001,0.004056960139051248,125.7657643105887
2011-04-01,0,0001,0.0007663789748078891,22.991369244236672
2011-05-01,0,0001,0.00040982382506430797,12.704538576993546
2011-06-01,0,0001,5.0772872354493026e-05,1.5231861706347907
2011-07-01,0,0001,0.0002530673837008306,7.845088894725748
2011-08-01,0,0001,9.512445503769186e-05,2.948858106168448
2011-09-01,0,0001,0.0005733507941001,17.200523823003003
2011-10-01,0,0001,0.000452256880556137,14.019963297240247
2011-11-01,0,0001,0.0015012168997222356,45.036506991667075
2011-12-01,0,0001,0.004826106042475792,149.60928731674954
2012-01-01,0,0001,0.006455555332819713,200.12221531741108
2012-02-01,0,0001,0.006908532237347499,200.34743488307745
2012-03-01,0,0001,0.004203419435407275,130.30600249762554
2012-04-01,0,0001,0.0015633212686472387,46.89963805941716
2012-05-01,0,0001,4.6004761403600944e-05,1.4261476035116294
2012-06-01,0,0001,2.875004491964024e-05,0.8625013475892072
2012-07-01,0,0001,0.00013906364953790456,4.310973135675042
2012-08-01,0,0001,8.468360316878794e-05,2.625191698232426
2012-09-01,0,0001,0.0001241480505508155,3.724441516524465
2012-10-01,0,0001,0.00054627294152579,16.934461187299494
2012-11-01,0,0001,0.0017969888479044303,53.90966543713291
2012-12-01,0,0001,0.00653712187993619,202.65077827802187
2013-01-01,0,0001,0.006051484092458201,187.59600686620422
2013-02-01,0,0001,0.006551017004401005,183.42847612322814
2013-03-01,0,0001,0.0016841158208495645,52.2075904463365
2013-04-01,0,0001,0.00010936450927828769,3.2809352783486307
2013-05-01,0,0001,0.0004933143697609424,15.292745462589213
2013-06-01,0,0001,0.0008118186584930871,24.35455975479261
2013-07-01,0,0001,0.00017504443802972684,5.426377578921532
2013-08-01,0,0001,0.0007968828666928128,24.7033688674772
2013-09-01,0,0001,0.00016278854647379918,4.8836563942139755
2013-10-01,0,0001,0.0011994028901890848,37.18148959586163
2013-11-01,0,0001,0.0013319928420048553,39.95978526014566
2013-12-01,0,0001,0.006268213070214218,194.31460517664075
2014-01-01,0,0001,0.009945915755457757,308.32338841919045
2014-02-01,0,0001,0.004692676085018725,131.3949303805243
2014-03-01,0,0001,0.0023624388624301188,73.23560473533368
2014-04-01,0,0001,0.0007395896783440378,22.187690350321134
2014-05-01,0,0001,0.000245388391627407,7.607040140449618
2014-06-01,0,0001,4.5656210288800135e-06,0.1369686308664004
2014-07-01,0,0001,5.6360828142523885e-05,1.7471856724182404
2014-08-01,0,0001,0.0004085764556366553,12.665870124736314
2014-09-01,0,0001,0.0011035267959884243,33.105803879652726
2014-10-01,0,0001,0.0017002698437855988,52.70836515735356
2014-11-01,0,0001,0.0008238570685611585,24.715712056834754
2014-12-01,0,0001,0.0023325474331769387,72.3089704284851
2015-01-01,0,0001,0.00738077373473103,228.8039857766619
2015-02-01,0,0001,0.005225228249361783,146.30639098212995
2015-03-01,0,0001,0.003490640021526185,108.20984066731174
2015-04-01,0,0001,0.0026944578433511766,80.8337353005353
2015-05-01,0,0001,0.00018381826556896123,5.698366232637798
2015-06-01,0,0001,4.8396780649195615e-06,0.14519034194758684
2015-07-01,0,0001,0.00018664452033239246,5.785980130304166
2015-08-01,0,0001,0.0005396898654017843,16.73038582745531
2015-09-01,0,0001,0.0006248392988345811,18.745178965037432
2015-10-01,0,0001,0.0011173910537334616,34.639122665737304
2015-11-01,0,0001,0.0015984616246129423,47.95384873838827
2015-12-01,0,0001,0.0011483773944059917,35.59969922658574
2016-01-01,0,0001,0.0037622835529364566,116.63079014103016
2016-02-01,0,0001,0.006108869385080832,177.1572121673441
2016-03-01,0,0001,0.0009924153334870936,30.764875338099902
2016-04-01,0,0001,0.0016202049874380544,48.60614962314163
2016-05-01,0,0001,6.2757229838274165e-06,0.19454741249864993
2016-06-01,0,0001,0.0001938207708655193,5.8146231259655785
2016-07-01,0,0001,0.00012902487961466162,3.99977126805451
2016-08-01,0,0001,0.00010529955137486415,3.2642860926207886
2016-09-01,0,0001,0.00043285553306896316,12.985665992068894
2016-10-01,0,0001,0.000918159861138105,28.46295569528126
2016-11-01,0,0001,0.0008226285691202631,24.678857073607894
2016-12-01,0,0001,0.0028863427664301247,89.47662575933387
2017-01-01,0,0001,0.0045105751582207405,139.82782990484296
2017-02-01,0,0001,0.00468178613676244,131.09001182934833
2017-03-01,0,0001,0.004957741100147465,153.6899741045714
2017-04-01,0,0001,0.0010647881102250352,31.943643306751056
2017-05-01,0,0001,0.0007750793374206444,24.027459460039974
2017-06-01,0,0001,0.00010834090622293978,3.2502271866881935
2017-07-01,0,0001,0.0001556001203154141,4.823603729777838
2017-08-01,0,0001,6.598115429274159e-06,0.20454157830749892
2017-09-01,0,0001,0.0011477710944318461,34.43313283295539
2017-10-01,0,0001,0.0004061719956478572,12.591331865083573
2017-11-01,0,0001,0.001030900626004394,30.927018780131817
2017-12-01,0,0001,0.003377615512628183,104.70608089147368
2018-01-01,0,0001,0.006159724204688947,190.9514503453574
2018-02-01,0,0001,0.007578637290503808,212.2018441341066
2018-03-01,0,0001,0.00390794427494889,121.14627252341559
2018-04-01,0,0001,0.00032674730097662265,9.80241902929868
2018-05-01,0,0001,0.0001299115564151734,4.027258248870376
2018-06-01,0,0001,0.0003628649327150715,10.885947981452146
2018-07-01,0,0001,0.0006548797298403233,20.30127162505002
2018-08-01,0,0001,0.00047479553853264976,14.718661694512143
2018-09-01,0,0001,0.00018233278072470545,5.469983421741164
2018-10-01,0,0001,0.0013058081392807997,40.48005231770479
2018-11-01,0,0001,0.0016150644617509392,48.45193385252818
2018-12-01,0,0001,0.004325295008930274,134.08414527683848
2019-01-01,0,0001,0.005498367949564759,170.44940643650753
2019-02-01,0,0001,0.007171640109318762,200.80592306092535
2019-03-01,0,0001,0.0023085993728130284,71.56658055720388
2019-04-01,0,0001,0.0019524838292246625,58.574514876739876
2019-05-01,0,0001,0.0001349069690060835,4.182116039188589
2019-06-01,0,0001,0.00010895932002942277,3.2687796008826835
2019-07-01,0,0001,0.0006536560105773927,20.26333632789917
2019-08-01,0,0001,2.0674246449093903e-05,0.640901639921911
2019-09-01,0,0001,0.0016531400209592092,49.59420062877627
2019-10-01,0,0001,0.0006164044503504826,19.108537960864957
2019-11-01,0,0001,0.0018233180227143298,54.69954068142989
2019-12-01,0,0001,0.003622758111744256,112.30550146407194
2020-01-01,0,0001,0.005226913386986695,162.03431499658754
2020-02-01,0,0001,0.005126657703370063,148.67307339773183
2020-03-01,0,0001,0.004300902385179606,133.32797394056777
2020-04-01,0,0001,0.0005817489919185583,17.452469757556752
2020-05-01,0,0001,2.7775507131052563e-05,0.8610407210626294
2020-06-01,0,0001,5.5437608615056875e-06,0.16631282584517063
2020-07-01,0,0001,5.324779550817673e-06,0.16506816607534788
2020-08-01,0,0001,2.8479505543964702e-05,0.8828646718629057
2020-09-01,0,0001,0.0008997366800979567,26.9921004029387
2020-10-01,0,0001,0.0015712232290362909,48.707920100125015
2020-11-01,0,0001,0.0004930891024972995,14.792673074918987
2020-12-01,0,0001,0.003024529263413606,93.76040716582177
2021-01-01,0,0001,0.005382899126152939,166.8698729107411
2021-02-01,0,0001,0.0031426368232218694,87.99383105021234
2021-03-01,0,0001,0.0044746582374133315,138.71440535981327
2021-04-01,0,0001,0.0006086773466928752,18.260320400786256
2021-05-01,0,0001,0.0002722785657211571,8.44063553735587
2021-06-01,0,0001,1.3479599743668852e-06,0.04043879923100656
2021-07-01,0,0001,4.305718231330798e-05,1.3347726517125476
2021-08-01,0,0001,0.0003833443973044891,11.883676316439162
2021-09-01,0,0001,0.0006876384862847624,20.62915458854287
2021-10-01,0,0001,0.000419160534606695,12.993976572807544
2021-11-01,0,0001,0.0014739259382168068,44.2177781465042
2021-12-01,0,0001,0.007631194445152323,236.567027799722
2022-01-01,0,0001,0.008585535982119311,266.15161544569867
2022-02-01,0,0001,0.004689643395347464,131.310015069729
2022-03-01,0,0001,0.0034329091246909113,106.42018286541825
2022-04-01,0,0001,0.000919144647761966,27.57433943285898
2022-05-01,0,0001,6.992056385039529e-06,0.2167537479362254
2022-06-01,0,0001,2.757493569534822e-05,0.8272480708604466
2022-07-01,0,0001,5.627635177008039e-06,0.1744566904872492
2022-08-01,0,0001,5.115147051984203e-05,1.585695586115103
2022-09-01,0,0001,1.4680352514809905e-05,0.4404105754442972
2022-10-01,0,0001,5.527452599555092e-05,1.7135103058620786
2022-11-01,0,0001,0.00012031627312251247,3.609488193675374
2022-12-01,0,0001,0.000868976068895533,26.938258135761522
2023-01-01,0,0001,0.001388404287708047,43.04053291894946
2023-02-01,0,0001,0.0023845585057141318,66.76763815999568
2023-03-01,0,0001,0.0012925355089831658,40.06860077847814
2023-04-01,0,0001,0.00010398021227368698,3.1194063682106097
2023-05-01,0,0001,7.519679279977317e-05,2.331100576792968
2023-06-01,0,0001,8.92354126309157e-07,0.02677062378927471
2023-07-01,0,0001,4.989426468350371e-06,0.15467222051886148
2023-08-01,0,0001,1.1507357731623614e-05,0.35672808968033204
2023-09-01,0,0001,2.138332101308616e-05,0.6414996303925848
2023-10-01,0,0001,0.0003392084326050408,10.515461410756265
2023-11-01,0,0001,0.0010189124485780728,30.567373457342182
2023-12-01,0,0001,0.001916586307376713,59.4141755286781
2024-01-01,0,0001,0.0016980036374738554,52.63811276168952
2024-02-01,0,0001,0.004341071937699076,125.89108619327318
2024-03-01,0,0001,0.005737506514001668,177.8627019340517
2024-04-01,0,0001,0.0006513428653290436,19.54028595987131
2024-05-01,0,0001,0.0001233856017393744,3.8249536539206064
2024-06-01,0,0001,5.081886694644158e-06,0.15245660083932475
2024-07-01,0,0001,1.4276942013141425e-05,0.44258520240738414
2024-08-01,0,0001,5.265330914967137e-05,1.6322525836398125
2024-09-01,0,0001,0.0002193240084826159,6.579720254478477
2024-10-01,0,0001,0.0008221949023371135,25.488041972450517
2024-11-01,0,0001,0.0036853430881521646,110.56029264456494
2024-12-01,0,0001,0.0011878866898699242,36.82448738596765
2025-01-01,0,0001,0.009166648479348958,284.16610285981767
2025-02-01,0,0001,0.005440159180376922,152.3244570505538
2025-03-01,0,0001,0.0068456996653118735,212.21668962466808
2025-04-01,0,0001,0.0019211632419697498,57.6348972590925
2025-05-01,0,0001,0.00032864430828305447,10.187973556774688
2025-06-01,0,0001,2.1069159779548155e-05,0.6320747933864446
2025-07-01,0,0001,9.68807996884395e-05,3.0033047903416246
2025-08-01,0,0001,0.0001005384510383221,3.116691982187985
2025-09-01,0,0001,0.0008366670419051861,25.10001125715558
2025-10-01,0,0001,0.0007564521587474233,23.450016921170125
2025-11-01,0,0001,0.0008772495191316475,26.317485573949423
2025-12-01,0,0001,0.0023622435954077934,73.22955145764159
