valid_time,number,expver,e,e_mm
1940-01-01 06:00:00,0,0001,-0.003337685588937537,103.46825325706365
1940-02-01 06:00:00,0,0001,-0.0035840293473165716,103.93685107218057
1940-03-01 06:00:00,0,0001,-0.0031895765508481886,98.87687307629385
1940-04-01 06:00:00,0,0001,-0.002723838270843575,81.71514812530725
1940-05-01 06:00:00,0,0001,-0.001411651685411361,43.761202247752195
1940-06-01 06:00:00,0,0001,-0.0007520326756209459,22.560980268628377
1940-07-01 06:00:00,0,0001,-0.0006485707381133647,20.105692881514308
1940-08-01 06:00:00,0,0001,-0.0008887432422388505,27.551040509404366
1940-09-01 06:00:00,0,0001,-0.0010405545123560757,31.216635370682273
1940-10-01 06:00:00,0,0001,-0.0013391928884948247,41.51497954333957
1940-11-01 06:00:00,0,0001,-0.0013204259709237724,39.612779127713175
1940-12-01 06:00:00,0,0001,-0.0031910678155059385,98.9231022806841
1941-01-01 06:00:00,0,0001,-0.003656689468697042,113.3573735296083
1941-02-01 06:00:00,0,0001,-0.0038772299355111337,108.56243819431174
1941-03-01 06:00:00,0,0001,-0.00328103119749634,101.71196712238653
1941-04-01 06:00:00,0,0001,-0.0020166651499460273,60.499954498380816
1941-05-01 06:00:00,0,0001,-0.001706053828519775,52.88766868411303
1941-06-01 06:00:00,0,0001,-0.0012192560713326379,36.57768213997914
1941-07-01 06:00:00,0,0001,-0.001341747559956589,41.59417435865426
1941-08-01 06:00:00,0,0001,-0.001340840366855579,41.56605137252295
1941-09-01 06:00:00,0,0001,-0.0015860376111831644,47.58112833549493
1941-10-01 06:00:00,0,0001,-0.0022748931264701313,70.52168692057407
1941-11-01 06:00:00,0,0001,-0.0025936126152792094,77.80837845837628
1941-12-01 06:00:00,0,0001,-0.0034773371812814057,107.79745261972359
1942-01-01 06:00:00,0,0001,-0.0033617205805144823,104.21333799594895
1942-02-01 06:00:00,0,0001,-0.003324902291600214,93.09726416480599
1942-03-01 06:00:00,0,0001,-0.0031109151735450925,96.43837037989788
1942-04-01 06:00:00,0,0001,-0.002690774621864081,80.72323865592243
1942-05-01 06:00:00,0,0001,-0.0018181846970581497,56.363725608802646
1942-06-01 06:00:00,0,0001,-0.0008031988931300473,24.09596679390142
1942-07-01 06:00:00,0,0001,-0.000717713716202403,22.24912520227449
1942-08-01 06:00:00,0,0001,-0.001183110479805375,36.67642487396662
1942-09-01 06:00:00,0,0001,-0.0014136489492720032,42.40946847816009
1942-10-01 06:00:00,0,0001,-0.0016310638364417545,50.562978929694395
1942-11-01 06:00:00,0,0001,-0.00267832808668874,80.3498426006622
1942-12-01 06:00:00,0,0001,-0.00359197848424497,111.35133301159406
1943-01-01 06:00:00,0,0001,-0.003668830059580691,113.73373184700144
1943-02-01 06:00:00,0,0001,-0.0035250877013288727,98.70245563720843
1943-03-01 06:00:00,0,0001,-0.003298129264945675,102.24200721331593
1943-04-01 06:00:00,0,0001,-0.0022370000634453512,67.11000190336054
1943-05-01 06:00:00,0,0001,-0.001116605386442518,34.61476697971806
1943-06-01 06:00:00,0,0001,-0.0006527678006566725,19.583034019700175
1943-07-01 06:00:00,0,0001,-0.0009154788486497355,28.379844308141802
1943-08-01 06:00:00,0,0001,-0.0008708574884312869,26.996582141369892
1943-09-01 06:00:00,0,0001,-0.0017010079058931763,51.03023717679529
1943-10-01 06:00:00,0,0001,-0.0020299620536503287,62.92882366316019
1943-11-01 06:00:00,0,0001,-0.0028397921997198885,85.19376599159666
1943-12-01 06:00:00,0,0001,-0.0035754742742025994,110.83970250028058
1944-01-01 06:00:00,0,0001,-0.0034571468388345356,107.1715520038706
1944-02-01 06:00:00,0,0001,-0.003671683619160101,106.47882495564292
1944-03-01 06:00:00,0,0001,-0.0033703985623532774,104.4823554329516
1944-04-01 06:00:00,0,0001,-0.002507702352135471,75.23107056406413
1944-05-01 06:00:00,0,0001,-0.0015577224146068917,48.289394852813636
1944-06-01 06:00:00,0,0001,-0.0006819895983837126,20.459687951511377
1944-07-01 06:00:00,0,0001,-0.0006154709950107288,19.079600845332592
1944-08-01 06:00:00,0,0001,-0.0009858348648629886,30.560880810752646
1944-09-01 06:00:00,0,0001,-0.0014243214168604367,42.729642505813096
1944-10-01 06:00:00,0,0001,-0.0016488151976494646,51.1132711271334
1944-11-01 06:00:00,0,0001,-0.0026731900735427515,80.19570220628255
1944-12-01 06:00:00,0,0001,-0.0029974097035861172,92.91970081116963
1945-01-01 06:00:00,0,0001,-0.0033718530051064653,104.52744315830043
1945-02-01 06:00:00,0,0001,-0.003727629403944679,104.37362331045101
1945-03-01 06:00:00,0,0001,-0.0032859942615283575,101.86582210737909
1945-04-01 06:00:00,0,0001,-0.001857297453505763,55.7189236051729
1945-05-01 06:00:00,0,0001,-0.0009591397913413482,29.733333531581792
1945-06-01 06:00:00,0,0001,-0.0005287589001233504,15.862767003700512
1945-07-01 06:00:00,0,0001,-0.0004296351097892275,13.318688403466053
1945-08-01 06:00:00,0,0001,-0.0006035597176584436,18.71035124741175
1945-09-01 06:00:00,0,0001,-0.0009354273163912701,28.062819491738104
1945-10-01 06:00:00,0,0001,-0.0011407302035379998,35.362636309677995
1945-11-01 06:00:00,0,0001,-0.0022804224679611775,68.41267403883533
1945-12-01 06:00:00,0,0001,-0.003348488080262542,103.8031304881388
1946-01-01 06:00:00,0,0001,-0.0038271829016987714,118.64266995266192
1946-02-01 06:00:00,0,0001,-0.003510564925500627,98.29581791401755
1946-03-01 06:00:00,0,0001,-0.003317384763275528,102.83892766154136
1946-04-01 06:00:00,0,0001,-0.002267015776444234,68.01047329332702
1946-05-01 06:00:00,0,0001,-0.0010104496679728284,31.32393970715768
1946-06-01 06:00:00,0,0001,-0.0008677482381085461,26.032447143256384
1946-07-01 06:00:00,0,0001,-0.000707365921252572,21.92834355882973
1946-08-01 06:00:00,0,0001,-0.0006267237159211397,19.42843519355533
1946-09-01 06:00:00,0,0001,-0.0008176985535244357,24.53095660573307
1946-10-01 06:00:00,0,0001,-0.0012409849482320377,38.47053339519317
1946-11-01 06:00:00,0,0001,-0.0024615733637999527,73.84720091399859
1946-12-01 06:00:00,0,0001,-0.003350189069318892,103.85586114888567
1947-01-01 06:00:00,0,0001,-0.0034809526384893966,107.9095317931713
1947-02-01 06:00:00,0,0001,-0.003526510365739069,98.74229024069393
1947-03-01 06:00:00,0,0001,-0.0032804146186034616,101.69285317670732
1947-04-01 06:00:00,0,0001,-0.0027138627051680347,81.41588115504105
1947-05-01 06:00:00,0,0001,-0.0016880031599215643,52.328097957568495
1947-06-01 06:00:00,0,0001,-0.0007075569333628599,21.226708000885797
1947-07-01 06:00:00,0,0001,-0.0005781931352988423,17.92398719426411
1947-08-01 06:00:00,0,0001,-0.0006342642953582066,19.662193156104404
1947-09-01 06:00:00,0,0001,-0.0008121643182078272,24.364929546234816
1947-10-01 06:00:00,0,0001,-0.0011185017916992954,34.67355554267815
1947-11-01 06:00:00,0,0001,-0.0015881972286627493,47.64591685988248
1947-12-01 06:00:00,0,0001,-0.002694159877663125,83.51895620755688
1948-01-01 06:00:00,0,0001,-0.003694260446848837,114.52207385231394
1948-02-01 06:00:00,0,0001,-0.0037642949641411736,109.16455396009403
1948-03-01 06:00:00,0,0001,-0.003298943533798142,102.2672495477424
1948-04-01 06:00:00,0,0001,-0.0022804757290352984,68.41427187105894
1948-05-01 06:00:00,0,0001,-0.0011060538404128169,34.28766905279732
1948-06-01 06:00:00,0,0001,-0.0006323953429289393,18.97186028786818
1948-07-01 06:00:00,0,0001,-0.0005412007475424581,16.777223173816203
1948-08-01 06:00:00,0,0001,-0.000654095347249053,20.276955764720643
1948-09-01 06:00:00,0,0001,-0.0008456251964946158,25.368755894838475
1948-10-01 06:00:00,0,0001,-0.001034239165124987,32.061414118874595
1948-11-01 06:00:00,0,0001,-0.001565344141142146,46.96032423426438
1948-12-01 06:00:00,0,0001,-0.0022585218925249726,70.01417866827416
1949-01-01 06:00:00,0,0001,-0.003609863659358457,111.90577344011217
1949-02-01 06:00:00,0,0001,-0.00362663640091657,101.54581922566396
1949-03-01 06:00:00,0,0001,-0.003467969302828896,107.50704838769578
1949-04-01 06:00:00,0,0001,-0.0023698476256910107,71.09542877073032
1949-05-01 06:00:00,0,0001,-0.0011710547572560356,36.302697474937105
1949-06-01 06:00:00,0,0001,-0.0007857428280716832,23.5722848421505
1949-07-01 06:00:00,0,0001,-0.0007030437961264057,21.794357679918576
1949-08-01 06:00:00,0,0001,-0.001093847398551585,33.909269355099134
1949-09-01 06:00:00,0,0001,-0.0013876553627266953,41.62966088180086
1949-10-01 06:00:00,0,0001,-0.0013178920619270167,40.854653919737515
1949-11-01 06:00:00,0,0001,-0.0028537221374402913,85.61166412320874
1949-12-01 06:00:00,0,0001,-0.003514863233225127,108.96076022997894
1950-01-01 06:00:00,0,0001,-0.0038573350668179695,119.57738707135705
1950-02-01 06:00:00,0,0001,-0.0035743471543761484,100.08172032253215
1950-03-01 06:00:00,0,0001,-0.0031364189825520005,97.22898845911202
1950-04-01 06:00:00,0,0001,-0.002596998171354422,77.90994514063267
1950-05-01 06:00:00,0,0001,-0.0018885793645845124,58.54596030211989
1950-06-01 06:00:00,0,0001,-0.0010672390138159592,32.01717041447878
1950-07-01 06:00:00,0,0001,-0.000833178994344971,25.8285488246941
1950-08-01 06:00:00,0,0001,-0.0008768467405472986,27.18224895696626
1950-09-01 06:00:00,0,0001,-0.0012225854351902755,36.67756305570827
1950-10-01 06:00:00,0,0001,-0.002045609616349663,63.41389810683955
1950-11-01 06:00:00,0,0001,-0.002728956005539028,81.86868016617085
1950-12-01 06:00:00,0,0001,-0.0032207583406714288,99.8435085608143
1951-01-01 06:00:00,0,0001,-0.0037873807392982736,117.40880291824648
1951-02-01 06:00:00,0,0001,-0.003421604399855997,95.8049231959679
1951-03-01 06:00:00,0,0001,-0.0033711998118503314,104.50719416736028
1951-04-01 06:00:00,0,0001,-0.002779028665035063,83.37085995105188
1951-05-01 06:00:00,0,0001,-0.001425270452489172,44.18338402716433
1951-06-01 06:00:00,0,0001,-0.0008740706620843461,26.222119862530384
1951-07-01 06:00:00,0,0001,-0.0006844328911045888,21.217419624242254
1951-08-01 06:00:00,0,0001,-0.000843980709122882,26.16340198280934
1951-09-01 06:00:00,0,0001,-0.0010730599888904308,32.191799666712924
1951-10-01 06:00:00,0,0001,-0.0015681585076507004,48.612913737171716
1951-11-01 06:00:00,0,0001,-0.003466455797281289,103.99367391843867
1951-12-01 06:00:00,0,0001,-0.0038596203510231487,119.64823088171761
1952-01-01 06:00:00,0,0001,-0.0037569379000471294,116.46507490146101
1952-02-01 06:00:00,0,0001,-0.003420450943604003,99.19307736451609
1952-03-01 06:00:00,0,0001,-0.0035147720460619535,108.95793342792055
1952-04-01 06:00:00,0,0001,-0.0023565332899045267,70.6959986971358
1952-05-01 06:00:00,0,0001,-0.0011785120710217385,36.533874201673896
1952-06-01 06:00:00,0,0001,-0.0008497083273990448,25.491249821971344
1952-07-01 06:00:00,0,0001,-0.0006937167698347653,21.505219864877724
1952-08-01 06:00:00,0,0001,-0.0008224337676863318,25.495446798276287
1952-09-01 06:00:00,0,0001,-0.0015549659468760868,46.64897840628261
1952-10-01 06:00:00,0,0001,-0.0014986596961573968,46.4584505808793
1952-11-01 06:00:00,0,0001,-0.002243879792338975,67.31639377016926
1952-12-01 06:00:00,0,0001,-0.003672296011369335,113.84117635244938
1953-01-01 06:00:00,0,0001,-0.00355226886717636,110.12033488246716
1953-02-01 06:00:00,0,0001,-0.0036523164045183655,102.26485932651423
1953-03-01 06:00:00,0,0001,-0.0033933798573457176,105.19477557771724
1953-04-01 06:00:00,0,0001,-0.001978989306075901,59.36967918227703
1953-05-01 06:00:00,0,0001,-0.001049786031209401,32.54336696749143
1953-06-01 06:00:00,0,0001,-0.0008765218361452149,26.295655084356447
1953-07-01 06:00:00,0,0001,-0.0008173327687378149,25.337315830872264
1953-08-01 06:00:00,0,0001,-0.0008306839081197038,25.75120115171082
1953-09-01 06:00:00,0,0001,-0.0010033831784902352,30.10149535470706
1953-10-01 06:00:00,0,0001,-0.0011616113849451952,36.00995293330105
1953-11-01 06:00:00,0,0001,-0.0018198865187759867,54.5965955632796
1953-12-01 06:00:00,0,0001,-0.002456356536995162,76.14705264685003
1954-01-01 06:00:00,0,0001,-0.003742335969141189,116.01241504337686
1954-02-01 06:00:00,0,0001,-0.0035834766988772707,100.33734756856357
1954-03-01 06:00:00,0,0001,-0.0034029202139062836,105.4905266310948
1954-04-01 06:00:00,0,0001,-0.002661645539402895,79.84936618208685
1954-05-01 06:00:00,0,0001,-0.0016709793509674055,51.80035987998957
1954-06-01 06:00:00,0,0001,-0.0009693989673612216,29.08196902083665
1954-07-01 06:00:00,0,0001,-0.0007025909835983383,21.780320491548487
1954-08-01 06:00:00,0,0001,-0.0007571091728097003,23.47038435710071
1954-09-01 06:00:00,0,0001,-0.00150183888011862,45.0551664035586
1954-10-01 06:00:00,0,0001,-0.0018806111737896735,58.29894638747988
1954-11-01 06:00:00,0,0001,-0.0029054522954243805,87.16356886273141
1954-12-01 06:00:00,0,0001,-0.003082694903921125,95.56354202155487
1955-01-01 06:00:00,0,0001,-0.003610215492350445,111.9166802628638
1955-02-01 06:00:00,0,0001,-0.0038221879758086343,107.02126332264177
1955-03-01 06:00:00,0,0001,-0.003270467275267234,101.38448553328425
1955-04-01 06:00:00,0,0001,-0.0024574768522244435,73.7243055667333
1955-05-01 06:00:00,0,0001,-0.001239871280893852,38.43600970770941
1955-06-01 06:00:00,0,0001,-0.0007301350152242618,21.904050456727852
1955-07-01 06:00:00,0,0001,-0.0006909380641254024,21.419079987887475
1955-08-01 06:00:00,0,0001,-0.0009731040728716223,30.16622625902029
1955-09-01 06:00:00,0,0001,-0.0014378014374046503,43.13404312213951
1955-10-01 06:00:00,0,0001,-0.0012851225453192267,39.83879890489603
1955-11-01 06:00:00,0,0001,-0.0017381145830123032,52.143437490369095
1955-12-01 06:00:00,0,0001,-0.0027820421213350837,86.2433057613876
1956-01-01 06:00:00,0,0001,-0.0033580619962167157,104.09992188271819
1956-02-01 06:00:00,0,0001,-0.00376820109897556,109.27783187029125
1956-03-01 06:00:00,0,0001,-0.0034131500567428858,105.80765175902945
1956-04-01 06:00:00,0,0001,-0.002789506414051128,83.68519242153384
1956-05-01 06:00:00,0,0001,-0.00138890514330726,43.05605944252506
1956-06-01 06:00:00,0,0001,-0.0008093917224152839,24.281751672458515
1956-07-01 06:00:00,0,0001,-0.0007560020018993536,23.436062058879962
1956-08-01 06:00:00,0,0001,-0.0008374450310565678,25.960795962753604
1956-09-01 06:00:00,0,0001,-0.0012177318207014507,36.53195462104352
1956-10-01 06:00:00,0,0001,-0.0015430143148036952,47.833443758914555
1956-11-01 06:00:00,0,0001,-0.001749236302240758,52.47708906722274
1956-12-01 06:00:00,0,0001,-0.0031372266862553094,97.25402727391459
1957-01-01 06:00:00,0,0001,-0.003653353782511514,113.25396725785694
1957-02-01 06:00:00,0,0001,-0.0036349943426315016,101.77984159368205
1957-03-01 06:00:00,0,0001,-0.0033340857750739058,103.35665902729107
1957-04-01 06:00:00,0,0001,-0.002207198386134136,66.21595158402407
1957-05-01 06:00:00,0,0001,-0.0010948039540775716,33.93892257640472
1957-06-01 06:00:00,0,0001,-0.0007866489984152111,23.599469952456335
1957-07-01 06:00:00,0,0001,-0.0006453973891232185,20.00731906281977
1957-08-01 06:00:00,0,0001,-0.000589686871968529,18.280293031024403
1957-09-01 06:00:00,0,0001,-0.0008413591555509817,25.24077466652945
1957-10-01 06:00:00,0,0001,-0.0011244687493991356,34.858531231373206
1957-11-01 06:00:00,0,0001,-0.0018050226938028792,54.15068081408637
1957-12-01 06:00:00,0,0001,-0.0022075355428557066,68.4336018285269
1958-01-01 06:00:00,0,0001,-0.0039105908227631886,121.22831550565886
1958-02-01 06:00:00,0,0001,-0.003565304467669514,99.8285250947464
1958-03-01 06:00:00,0,0001,-0.0034683238375378856,107.51803896367446
1958-04-01 06:00:00,0,0001,-0.00201741231065953,60.5223693197859
1958-05-01 06:00:00,0,0001,-0.0009483191600441893,29.397893961369867
1958-06-01 06:00:00,0,0001,-0.0005396517038577398,16.189551115732193
1958-07-01 06:00:00,0,0001,-0.0005655162903222471,17.53100499998966
1958-08-01 06:00:00,0,0001,-0.0006815686534912013,21.128628258227238
1958-09-01 06:00:00,0,0001,-0.0009049907087079625,27.149721261238877
1958-10-01 06:00:00,0,0001,-0.0020241952416985972,62.750052492656515
1958-11-01 06:00:00,0,0001,-0.0021620311669220656,64.86093500766196
1958-12-01 06:00:00,0,0001,-0.0030411663692496826,94.27615744674016
1959-01-01 06:00:00,0,0001,-0.003468604117202304,107.52672763327142
1959-02-01 06:00:00,0,0001,-0.003631289701667966,101.67611164670305
1959-03-01 06:00:00,0,0001,-0.0034341407827190133,106.45836426428941
1959-04-01 06:00:00,0,0001,-0.002107738505043418,63.232155151302536
1959-05-01 06:00:00,0,0001,-0.0012936830277402685,40.104173859948325
1959-06-01 06:00:00,0,0001,-0.0007847055748688437,23.541167246065314
1959-07-01 06:00:00,0,0001,-0.0006657061638672277,20.63689107988406
1959-08-01 06:00:00,0,0001,-0.0013371879439197725,41.452826261512946
1959-09-01 06:00:00,0,0001,-0.0012807867000777142,38.42360100233143
1959-10-01 06:00:00,0,0001,-0.0013722588351457188,42.54002388951728
1959-11-01 06:00:00,0,0001,-0.0019741685899694822,59.225057699084466
1959-12-01 06:00:00,0,0001,-0.0029402844831248227,91.1488189768695
1960-01-01 06:00:00,0,0001,-0.0035743521481493047,110.80491659262844
1960-02-01 06:00:00,0,0001,-0.004051258439343654,117.48649474096595
1960-03-01 06:00:00,0,0001,-0.0029143056153599477,90.34347407615837
1960-04-01 06:00:00,0,0001,-0.0017206114567064207,51.61834370119262
1960-05-01 06:00:00,0,0001,-0.0008680247350098082,26.908766785304056
1960-06-01 06:00:00,0,0001,-0.0006188142337344266,18.564427012032798
1960-07-01 06:00:00,0,0001,-0.0005901914384622928,18.29593459233108
1960-08-01 06:00:00,0,0001,-0.0011681513817088404,36.21269283297406
1960-09-01 06:00:00,0,0001,-0.001500995925506279,45.02987776518837
1960-10-01 06:00:00,0,0001,-0.0019691425458965507,61.04341892279307
1960-11-01 06:00:00,0,0001,-0.002654816928212994,79.64450784638981
1960-12-01 06:00:00,0,0001,-0.0034930528738950244,108.28463909074576
1961-01-01 06:00:00,0,0001,-0.0034188313307414635,105.98377125298538
1961-02-01 06:00:00,0,0001,-0.0037037011873920565,103.70363324697757
1961-03-01 06:00:00,0,0001,-0.0031971084382112058,99.11036158454738
1961-04-01 06:00:00,0,0001,-0.0019578880828650083,58.73664248595025
1961-05-01 06:00:00,0,0001,-0.0009217037415390952,28.572815987711948
1961-06-01 06:00:00,0,0001,-0.0006390953426830808,19.172860280492426
1961-07-01 06:00:00,0,0001,-0.000553295608722849,17.15216387040832
1961-08-01 06:00:00,0,0001,-0.0006387705396031413,19.801886727697383
1961-09-01 06:00:00,0,0001,-0.0011146310650055054,33.43893195016516
1961-10-01 06:00:00,0,0001,-0.0016284875944877167,50.48311542911922
1961-11-01 06:00:00,0,0001,-0.0028902798883155526,86.70839664946656
1961-12-01 06:00:00,0,0001,-0.0031672122825776193,98.1835807599062
1962-01-01 06:00:00,0,0001,-0.0038120560987350087,118.17373906078527
1962-02-01 06:00:00,0,0001,-0.0035655636505755577,99.8357822161156
1962-03-01 06:00:00,0,0001,-0.0031434592174489333,97.44723574091694
1962-04-01 06:00:00,0,0001,-0.0023066282024228673,69.19884607268602
1962-05-01 06:00:00,0,0001,-0.0009069698046372209,28.116063943753847
1962-06-01 06:00:00,0,0001,-0.0005239323046423147,15.717969139269442
1962-07-01 06:00:00,0,0001,-0.0004968417830665193,15.402095275062099
1962-08-01 06:00:00,0,0001,-0.000600490668370146,18.615210719474526
1962-09-01 06:00:00,0,0001,-0.0010473460659519626,31.420381978558876
1962-10-01 06:00:00,0,0001,-0.001456316515323892,45.14581197504065
1962-11-01 06:00:00,0,0001,-0.0022985312381902587,68.95593714570776
1962-12-01 06:00:00,0,0001,-0.0030080471367366457,93.249461238836
1963-01-01 06:00:00,0,0001,-0.0033481893607768334,103.79387018408184
1963-02-01 06:00:00,0,0001,-0.0034420795261225325,96.37822673143091
1963-03-01 06:00:00,0,0001,-0.003346025356812573,103.72678606118976
1963-04-01 06:00:00,0,0001,-0.002535646200546859,76.06938601640577
1963-05-01 06:00:00,0,0001,-0.0013713862043815775,42.512972335828906
1963-06-01 06:00:00,0,0001,-0.0006958012149672705,20.874036449018114
1963-07-01 06:00:00,0,0001,-0.0005293181580632489,16.408862899960717
1963-08-01 06:00:00,0,0001,-0.0006335395803578803,19.63972699109429
1963-09-01 06:00:00,0,0001,-0.0011738102060940767,35.2143061828223
1963-10-01 06:00:00,0,0001,-0.0018808550084114264,58.30650526075422
1963-11-01 06:00:00,0,0001,-0.0016956785745470438,50.87035723641131
1963-12-01 06:00:00,0,0001,-0.0030973605559477227,96.01817723437941
1964-01-01 06:00:00,0,0001,-0.0036016936412541036,111.65250287887721
1964-02-01 06:00:00,0,0001,-0.0034931886879374864,101.3024719501871
1964-03-01 06:00:00,0,0001,-0.0031101409854020243,96.41437054746275
1964-04-01 06:00:00,0,0001,-0.0020484430794496145,61.45329238348844
1964-05-01 06:00:00,0,0001,-0.0007874894870855808,24.412174099653004
1964-06-01 06:00:00,0,0001,-0.0005156144306622787,15.468432919868361
1964-07-01 06:00:00,0,0001,-0.00048334273808757386,14.98362488071479
1964-08-01 06:00:00,0,0001,-0.0007020192052708176,21.762595363395345
1964-09-01 06:00:00,0,0001,-0.0009384099792358822,28.152299377076467
1964-10-01 06:00:00,0,0001,-0.0011228027231187463,34.806884416681136
1964-11-01 06:00:00,0,0001,-0.0017397293473086495,52.19188041925948
1964-12-01 06:00:00,0,0001,-0.00251364924351935,77.92312654909985
1965-01-01 06:00:00,0,0001,-0.0031204371907309985,96.73355291266094
1965-02-01 06:00:00,0,0001,-0.0036233807452106075,101.45466086589701
1965-03-01 06:00:00,0,0001,-0.003008425037077491,93.26117614940223
1965-04-01 06:00:00,0,0001,-0.0018698257518861125,56.09477255658338
1965-05-01 06:00:00,0,0001,-0.0006756157743881711,20.944089006033302
1965-06-01 06:00:00,0,0001,-0.0005919776475597016,17.75932942679105
1965-07-01 06:00:00,0,0001,-0.00044727443751903874,13.865507563090201
1965-08-01 06:00:00,0,0001,-0.0005509501187906564,17.079453682510348
1965-09-01 06:00:00,0,0001,-0.0016990386057690507,50.97115817307152
1965-10-01 06:00:00,0,0001,-0.0011913430585234418,36.9316348142267
1965-11-01 06:00:00,0,0001,-0.00176922348877619,53.076704663285696
1965-12-01 06:00:00,0,0001,-0.003305781688365445,102.4792323393288
1966-01-01 06:00:00,0,0001,-0.0036252844229452217,112.38381711130187
1966-02-01 06:00:00,0,0001,-0.0035645539958863086,99.80751188481663
1966-03-01 06:00:00,0,0001,-0.002841917168344557,88.09943221868126
1966-04-01 06:00:00,0,0001,-0.0015541023910519592,46.623071731558774
1966-05-01 06:00:00,0,0001,-0.0006686385171617966,20.727794032015698
1966-06-01 06:00:00,0,0001,-0.0005156974700380943,15.470924101142831
1966-07-01 06:00:00,0,0001,-0.0004104081581265806,12.722652901923999
1966-08-01 06:00:00,0,0001,-0.0005312976379543123,16.470226776583683
1966-09-01 06:00:00,0,0001,-0.0007438428186343181,22.315284559029543
1966-10-01 06:00:00,0,0001,-0.0015832806882313695,49.08170133517246
1966-11-01 06:00:00,0,0001,-0.0026003284918228054,78.00985475468417
1966-12-01 06:00:00,0,0001,-0.003373612893930028,104.58199971183086
1967-01-01 06:00:00,0,0001,-0.0031545515673446164,97.79109858768311
1967-02-01 06:00:00,0,0001,-0.003442071349599973,96.37799778879925
1967-03-01 06:00:00,0,0001,-0.0031333294575377584,97.1332131836705
1967-04-01 06:00:00,0,0001,-0.0024705721672587653,74.11716501776296
1967-05-01 06:00:00,0,0001,-0.0011776573164359381,36.507376809514085
1967-06-01 06:00:00,0,0001,-0.0007639660923664223,22.91898277099267
1967-07-01 06:00:00,0,0001,-0.0005247854276484263,16.268348257101213
1967-08-01 06:00:00,0,0001,-0.0006677817572501019,20.70123447475316
1967-09-01 06:00:00,0,0001,-0.0011603791763531012,34.811375290593034
1967-10-01 06:00:00,0,0001,-0.001373829555356423,42.588716216049114
1967-11-01 06:00:00,0,0001,-0.0014663146888072248,43.989440664216744
1967-12-01 06:00:00,0,0001,-0.003329961033311724,103.22879203266343
1968-01-01 06:00:00,0,0001,-0.003706182079397565,114.89164446132452
1968-02-01 06:00:00,0,0001,-0.00357724062475353,103.73997811785236
1968-03-01 06:00:00,0,0001,-0.0034735309513874535,107.67945949301105
1968-04-01 06:00:00,0,0001,-0.002410777684081397,72.3233305224419
1968-05-01 06:00:00,0,0001,-0.0013002398570893573,40.30743556977007
1968-06-01 06:00:00,0,0001,-0.0007271312958309175,21.813938874927523
1968-07-01 06:00:00,0,0001,-0.0005140270219316767,15.934837679881978
1968-08-01 06:00:00,0,0001,-0.0006231420217754362,19.317402675038522
1968-09-01 06:00:00,0,0001,-0.0008300606845685175,24.901820537055528
1968-10-01 06:00:00,0,0001,-0.0015424267340001091,47.815228754003385
1968-11-01 06:00:00,0,0001,-0.0028486895990559964,85.4606879716799
1968-12-01 06:00:00,0,0001,-0.0034312652499868253,106.36922274959159
1969-01-01 06:00:00,0,0001,-0.003520769213066393,109.14384560505819
1969-02-01 06:00:00,0,0001,-0.0037330525903557462,104.5254725299609
1969-03-01 06:00:00,0,0001,-0.003223315242180514,99.92277250759594
1969-04-01 06:00:00,0,0001,-0.001771891027754353,53.156730832630586
1969-05-01 06:00:00,0,0001,-0.0007499474533661855,23.24837105435175
1969-06-01 06:00:00,0,0001,-0.0005616345172060321,16.849035516180965
1969-07-01 06:00:00,0,0001,-0.0004571752702050497,14.17243337635654
1969-08-01 06:00:00,0,0001,-0.0006382181528107174,19.784762737132237
1969-09-01 06:00:00,0,0001,-0.0008582652468030767,25.7479574040923
1969-10-01 06:00:00,0,0001,-0.0012792112475226783,39.65554867320303
1969-11-01 06:00:00,0,0001,-0.001887484086338932,56.62452259016796
1969-12-01 06:00:00,0,0001,-0.002996002084519779,92.87606462011316
1970-01-01 06:00:00,0,0001,-0.0036612465527953416,113.49864313665559
1970-02-01 06:00:00,0,0001,-0.003619685762705341,101.35120135574954
1970-03-01 06:00:00,0,0001,-0.003370492066946139,104.4852540753303
1970-04-01 06:00:00,0,0001,-0.0023643583708762646,70.93075112628794
1970-05-01 06:00:00,0,0001,-0.0011390584391822913,35.31081161465103
1970-06-01 06:00:00,0,0001,-0.000650025265150539,19.50075795451617
1970-07-01 06:00:00,0,0001,-0.000513865997670383,15.929845927781873
1970-08-01 06:00:00,0,0001,-0.0006207200017983118,19.242320055747662
1970-09-01 06:00:00,0,0001,-0.0011956619132581358,35.86985739774407
1970-10-01 06:00:00,0,0001,-0.0013832252957374964,42.87998416786239
1970-11-01 06:00:00,0,0001,-0.0018455318375789872,55.36595512736962
1970-12-01 06:00:00,0,0001,-0.003209660501130338,99.49947553504049
1971-01-01 06:00:00,0,0001,-0.003305865655401631,102.48183531745056
1971-02-01 06:00:00,0,0001,-0.003651425521181485,102.23991459308156
1971-03-01 06:00:00,0,0001,-0.0033849044478282474,104.93203788267567
1971-04-01 06:00:00,0,0001,-0.001954022673784974,58.62068021354922
1971-05-01 06:00:00,0,0001,-0.0008278872397895569,25.664504433476267
1971-06-01 06:00:00,0,0001,-0.0006922096571787029,20.766289715361086
1971-07-01 06:00:00,0,0001,-0.0005469100545545236,16.95421169119023
1971-08-01 06:00:00,0,0001,-0.0005557367483773447,17.227839199697687
1971-09-01 06:00:00,0,0001,-0.0008089431839439369,24.268295518318105
1971-10-01 06:00:00,0,0001,-0.0011292527461483337,35.00683513059835
1971-11-01 06:00:00,0,0001,-0.0022024368915361425,66.07310674608426
1971-12-01 06:00:00,0,0001,-0.00277827922991114,86.12665612724534
1972-01-01 06:00:00,0,0001,-0.003636671130024918,112.73680503077246
1972-02-01 06:00:00,0,0001,-0.003454681624126147,100.18576709965826
1972-03-01 06:00:00,0,0001,-0.0029962090245636316,92.88247976147258
1972-04-01 06:00:00,0,0001,-0.0020698380960410176,62.09514288123053
1972-05-01 06:00:00,0,0001,-0.0007844153122248926,24.316874678971672
1972-06-01 06:00:00,0,0001,-0.0005070117611412736,15.21035283423821
1972-07-01 06:00:00,0,0001,-0.0005099845532404301,15.809521150453334
1972-08-01 06:00:00,0,0001,-0.0006096176544481022,18.898147287891167
1972-09-01 06:00:00,0,0001,-0.0010421980403961166,31.265941211883494
1972-10-01 06:00:00,0,0001,-0.0012251653149516306,37.98012476350055
1972-11-01 06:00:00,0,0001,-0.0016672151644343508,50.01645493303052
1972-12-01 06:00:00,0,0001,-0.003290351396377517,102.00089328770304
1973-01-01 06:00:00,0,0001,-0.0038022341783485376,117.86925952880468
1973-02-01 06:00:00,0,0001,-0.0037830894541823978,105.92650471710714
1973-03-01 06:00:00,0,0001,-0.003477261677663578,107.79511200757094
1973-04-01 06:00:00,0,0001,-0.002512673221379523,75.3801966413857
1973-05-01 06:00:00,0,0001,-0.0011567658995887214,35.85974288725036
1973-06-01 06:00:00,0,0001,-0.0007346693295211738,22.040079885635212
1973-07-01 06:00:00,0,0001,-0.0005387524703893194,16.7013265820689
1973-08-01 06:00:00,0,0001,-0.0006685424595197061,20.72481624511089
1973-09-01 06:00:00,0,0001,-0.0009354961917459425,28.064885752378274
1973-10-01 06:00:00,0,0001,-0.0012598842383146742,39.0564113877549
1973-11-01 06:00:00,0,0001,-0.0019567394346783566,58.7021830403507
1973-12-01 06:00:00,0,0001,-0.002375686489154134,73.64628116377816
1974-01-01 06:00:00,0,0001,-0.003404080597843645,105.526498533153
1974-02-01 06:00:00,0,0001,-0.003668968778207888,102.73112578982087
1974-03-01 06:00:00,0,0001,-0.0033807982033190608,104.80474430289088
1974-04-01 06:00:00,0,0001,-0.0026057068848829787,78.17120654648936
1974-05-01 06:00:00,0,0001,-0.0011671137458711435,36.18052612200545
1974-06-01 06:00:00,0,0001,-0.000638915709147522,19.16747127442566
1974-07-01 06:00:00,0,0001,-0.0004942036164809717,15.32031211091012
1974-08-01 06:00:00,0,0001,-0.0010802412472875383,33.487478665913684
1974-09-01 06:00:00,0,0001,-0.0010511617545938099,31.534852637814296
1974-10-01 06:00:00,0,0001,-0.0010720048854138413,33.23215144782908
1974-11-01 06:00:00,0,0001,-0.0016464698513724647,49.39409554117395
1974-12-01 06:00:00,0,0001,-0.0028780985709641366,89.22105569988824
1975-01-01 06:00:00,0,0001,-0.003649665025678069,113.13961579602014
1975-02-01 06:00:00,0,0001,-0.0036915544612937507,103.36352491622503
1975-03-01 06:00:00,0,0001,-0.0035659400479052753,110.54414148506353
1975-04-01 06:00:00,0,0001,-0.0022692638648346536,68.0779159450396
1975-05-01 06:00:00,0,0001,-0.001125934755401734,34.90397741745375
1975-06-01 06:00:00,0,0001,-0.0008310686106745334,24.932058320236003
1975-07-01 06:00:00,0,0001,-0.0005269828763423971,16.33646916661431
1975-08-01 06:00:00,0,0001,-0.0006614080522754412,20.503649620538678
1975-09-01 06:00:00,0,0001,-0.0012748204250051943,38.24461275015583
1975-10-01 06:00:00,0,0001,-0.0015995529223731327,49.586140593567116
1975-11-01 06:00:00,0,0001,-0.0015978329654974472,47.93498896492342
1975-12-01 06:00:00,0,0001,-0.0031867668218256984,98.78977147659666
1976-01-01 06:00:00,0,0001,-0.003566813406368937,110.57121559743705
1976-02-01 06:00:00,0,0001,-0.003797763877718686,110.1351524538419
1976-03-01 06:00:00,0,0001,-0.0032915442385419557,102.03787139480062
1976-04-01 06:00:00,0,0001,-0.00217205552863747,65.1616658591241
1976-05-01 06:00:00,0,0001,-0.0012170667522161626,37.72906931870104
1976-06-01 06:00:00,0,0001,-0.0006065761286937124,18.19728386081137
1976-07-01 06:00:00,0,0001,-0.0005202513889464029,16.12779305733849
1976-08-01 06:00:00,0,0001,-0.0010078729637222387,31.2440618753894
1976-09-01 06:00:00,0,0001,-0.0017114095489786678,51.34228646936003
1976-10-01 06:00:00,0,0001,-0.0011088979002286021,34.37583490708666
1976-11-01 06:00:00,0,0001,-0.001652405755604679,49.572172668140375
1976-12-01 06:00:00,0,0001,-0.0023815213997507626,73.82716339227365
1977-01-01 06:00:00,0,0001,-0.0033606673793378835,104.18068875947439
1977-02-01 06:00:00,0,0001,-0.003349320823930841,93.78098307006356
1977-03-01 06:00:00,0,0001,-0.0033370248479077996,103.4477702851418
1977-04-01 06:00:00,0,0001,-0.001910575462961089,57.31726388883267
1977-05-01 06:00:00,0,0001,-0.0008925922973919494,27.670361219150433
1977-06-01 06:00:00,0,0001,-0.0005291850224625112,15.875550673875336
1977-07-01 06:00:00,0,0001,-0.00056293912348276,17.45111282796556
1977-08-01 06:00:00,0,0001,-0.0006605733367597809,20.477773439553207
1977-09-01 06:00:00,0,0001,-0.0010708377917547916,32.12513375264375
1977-10-01 06:00:00,0,0001,-0.001886735326533212,58.488795122529574
1977-11-01 06:00:00,0,0001,-0.0031484364648178415,94.45309394453524
1977-12-01 06:00:00,0,0001,-0.003025726675610493,93.79752694392529
1978-01-01 06:00:00,0,0001,-0.003713210313687955,115.1095197243266
1978-02-01 06:00:00,0,0001,-0.00367286448429142,102.84020556015976
1978-03-01 06:00:00,0,0001,-0.0034292127733584732,106.30559597411266
1978-04-01 06:00:00,0,0001,-0.0027156059441806163,81.46817832541849
1978-05-01 06:00:00,0,0001,-0.0012648797068564412,39.21127091254968
1978-06-01 06:00:00,0,0001,-0.0005888363502985244,17.66509050895573
1978-07-01 06:00:00,0,0001,-0.0005341141545080358,16.55753878974911
1978-08-01 06:00:00,0,0001,-0.0009809194073360887,30.40850162741875
1978-09-01 06:00:00,0,0001,-0.0009445185821261103,28.33555746378331
1978-10-01 06:00:00,0,0001,-0.0012273606661608297,38.04818065098572
1978-11-01 06:00:00,0,0001,-0.002287234787559993,68.61704362679978
1978-12-01 06:00:00,0,0001,-0.0031391862447657575,97.31477358773849
1979-01-01 06:00:00,0,0001,-0.0033559816905212076,104.03543240615744
1979-02-01 06:00:00,0,0001,-0.003981880456886078,111.49265279281018
1979-03-01 06:00:00,0,0001,-0.003316568454386079,102.81362208596845
1979-04-01 06:00:00,0,0001,-0.00231835658488679,69.5506975466037
1979-05-01 06:00:00,0,0001,-0.0008782538734313934,27.225870076373194
1979-06-01 06:00:00,0,0001,-0.0006020786645226678,18.062359935680032
1979-07-01 06:00:00,0,0001,-0.0004906829640558775,15.211171885732204
1979-08-01 06:00:00,0,0001,-0.0005715889258085408,17.71925670006476
1979-09-01 06:00:00,0,0001,-0.0008158967934698667,24.476903804096004
1979-10-01 06:00:00,0,0001,-0.0013688921596856573,42.43565695025538
1979-11-01 06:00:00,0,0001,-0.0017305085973956988,51.91525792187097
1979-12-01 06:00:00,0,0001,-0.0026380359045371357,81.77911304065121
1980-01-01 06:00:00,0,0001,-0.0033624358533578865,104.23551145409449
1980-02-01 06:00:00,0,0001,-0.0026190578509300263,75.95267767697077
1980-03-01 06:00:00,0,0001,-0.002974921102823646,92.22255418753304
1980-04-01 06:00:00,0,0001,-0.0017410597087638912,52.23179126291674
1980-05-01 06:00:00,0,0001,-0.0006084247694182523,18.861167851965824
1980-06-01 06:00:00,0,0001,-0.00046261840031907843,13.878552009572353
1980-07-01 06:00:00,0,0001,-0.000600340190193908,18.61054589601115
1980-08-01 06:00:00,0,0001,-0.0006487459685471482,20.111125024961595
1980-09-01 06:00:00,0,0001,-0.0010662851328457493,31.98855398537248
1980-10-01 06:00:00,0,0001,-0.0016238702761117564,50.33997855946445
1980-11-01 06:00:00,0,0001,-0.0016542156804441781,49.62647041332534
1980-12-01 06:00:00,0,0001,-0.0023316150979902873,72.2800680376989
1981-01-01 06:00:00,0,0001,-0.0032900454765221097,101.9914097721854
1981-02-01 06:00:00,0,0001,-0.003680677466258583,103.05896905524033
1981-03-01 06:00:00,0,0001,-0.003404665228007324,105.54462206822704
1981-04-01 06:00:00,0,0001,-0.00230252457989853,69.0757373969559
1981-05-01 06:00:00,0,0001,-0.0008169792150744652,25.326355667308423
1981-06-01 06:00:00,0,0001,-0.0005123801441981203,15.37140432594361
1981-07-01 06:00:00,0,0001,-0.00041432545321072676,12.84408904953253
1981-08-01 06:00:00,0,0001,-0.0007732087388855913,23.96947090545333
1981-09-01 06:00:00,0,0001,-0.0014125808958708153,42.37742687612446
1981-10-01 06:00:00,0,0001,-0.001328771242428752,41.19190851529132
1981-11-01 06:00:00,0,0001,-0.0022272063896087656,66.81619168826298
1981-12-01 06:00:00,0,0001,-0.002482894524227832,76.9697302510628
1982-01-01 06:00:00,0,0001,-0.003733766035650333,115.74674710516032
1982-02-01 06:00:00,0,0001,-0.0037112188043998567,103.91412652319599
1982-03-01 06:00:00,0,0001,-0.003290149424311005,101.99463215364116
1982-04-01 06:00:00,0,0001,-0.002450846982586684,73.52540947760052
1982-05-01 06:00:00,0,0001,-0.0010783174511987052,33.42784098715986
1982-06-01 06:00:00,0,0001,-0.0005595268760948,16.785806282844
1982-07-01 06:00:00,0,0001,-0.0003943851779746529,12.225940517214239
1982-08-01 06:00:00,0,0001,-0.0005925484425943694,18.36900172042545
1982-09-01 06:00:00,0,0001,-0.0011841444751712507,35.52433425513752
1982-10-01 06:00:00,0,0001,-0.0015194380880821483,47.10258073054659
1982-11-01 06:00:00,0,0001,-0.0023844530831526687,71.53359249458006
1982-12-01 06:00:00,0,0001,-0.0023785546425518314,73.73519391910676
1983-01-01 06:00:00,0,0001,-0.002868960289910699,88.93776898723168
1983-02-01 06:00:00,0,0001,-0.003235186425741417,90.58521992075968
1983-03-01 06:00:00,0,0001,-0.0014894231286692442,46.172116988746566
1983-04-01 06:00:00,0,0001,-0.0012224010626814515,36.67203188044355
1983-05-01 06:00:00,0,0001,-0.0007085978773217948,21.96653419697564
1983-06-01 06:00:00,0,0001,-0.00046497874604088825,13.949362381226647
1983-07-01 06:00:00,0,0001,-0.0004497182185184678,13.941264774072502
1983-08-01 06:00:00,0,0001,-0.0006627313030916822,20.544670395842147
1983-09-01 06:00:00,0,0001,-0.0012394561924629465,37.18368577388839
1983-10-01 06:00:00,0,0001,-0.0012741808670748416,39.49960687932009
1983-11-01 06:00:00,0,0001,-0.0014356081009784497,43.06824302935349
1983-12-01 06:00:00,0,0001,-0.0031928930372334156,98.97968415423588
1984-01-01 06:00:00,0,0001,-0.003381249210863518,104.81872553676905
1984-02-01 06:00:00,0,0001,-0.0035075610826539624,101.7192713969649
1984-03-01 06:00:00,0,0001,-0.003219607436943575,99.80783054525082
1984-04-01 06:00:00,0,0001,-0.0025989150049239014,77.96745014771705
1984-05-01 06:00:00,0,0001,-0.0010554061563012181,32.71759084533776
1984-06-01 06:00:00,0,0001,-0.0008679839397132364,26.03951819139709
1984-07-01 06:00:00,0,0001,-0.0005770230844270478,17.88771561723848
1984-08-01 06:00:00,0,0001,-0.001201307811342188,37.24054215160783
1984-09-01 06:00:00,0,0001,-0.0009050834036944478,27.152502110833435
1984-10-01 06:00:00,0,0001,-0.0021934082158581495,67.99565469160264
1984-11-01 06:00:00,0,0001,-0.002889447405969271,86.68342217907814
1984-12-01 06:00:00,0,0001,-0.003589172901869539,111.2643599579557
1985-01-01 06:00:00,0,0001,-0.003570339242988037,110.68051653262914
1985-02-01 06:00:00,0,0001,-0.003755344425880749,105.14964392466098
1985-03-01 06:00:00,0,0001,-0.003351043804592371,103.8823579423635
1985-04-01 06:00:00,0,0001,-0.0026700883946679833,80.10265184003951
1985-05-01 06:00:00,0,0001,-0.0018266769913286621,56.62698673118852
1985-06-01 06:00:00,0,0001,-0.0011139413305765622,33.418239917296866
1985-07-01 06:00:00,0,0001,-0.0007443845065717998,23.075919703725795
1985-08-01 06:00:00,0,0001,-0.0007159072812674624,22.193125719291334
1985-09-01 06:00:00,0,0001,-0.0013025131343806435,39.07539403141931
1985-10-01 06:00:00,0,0001,-0.0015151390102886612,46.96930931894849
1985-11-01 06:00:00,0,0001,-0.0029863849007158456,89.59154702147536
1985-12-01 06:00:00,0,0001,-0.003620321385307055,112.2299629445187
1986-01-01 06:00:00,0,0001,-0.003805825932288111,117.98060390093144
1986-02-01 06:00:00,0,0001,-0.0036157905140670583,101.24213439387763
1986-03-01 06:00:00,0,0001,-0.0032779783082585367,101.61732755601464
1986-04-01 06:00:00,0,0001,-0.0025907665383775205,77.72299615132562
1986-05-01 06:00:00,0,0001,-0.0013157944477448205,40.789627880089434
1986-06-01 06:00:00,0,0001,-0.0005334949211622729,16.004847634868188
1986-07-01 06:00:00,0,0001,-0.0005199664684292599,16.118960521307056
1986-08-01 06:00:00,0,0001,-0.0006194187263406558,19.20198051656033
1986-09-01 06:00:00,0,0001,-0.0009056463280253712,27.169389840761138
1986-10-01 06:00:00,0,0001,-0.0014127920371410831,43.79655315137357
1986-11-01 06:00:00,0,0001,-0.0021447718887265266,64.3431566617958
1986-12-01 06:00:00,0,0001,-0.0031057911422090177,96.27952540847954
1987-01-01 06:00:00,0,0001,-0.003629549951936931,112.51604851004485
1987-02-01 06:00:00,0,0001,-0.0038869252572588686,108.83390720324832
1987-03-01 06:00:00,0,0001,-0.0035115220414839573,108.85718328600268
1987-04-01 06:00:00,0,0001,-0.0023739111968306055,71.21733590491816
1987-05-01 06:00:00,0,0001,-0.0011066159991677102,34.30509597419901
1987-06-01 06:00:00,0,0001,-0.0006473681758853034,19.421045276559102
1987-07-01 06:00:00,0,0001,-0.0007585946354132318,23.51643369781019
1987-08-01 06:00:00,0,0001,-0.0005621846576865896,17.42772438828428
1987-09-01 06:00:00,0,0001,-0.0010953418297217025,32.86025489165108
1987-10-01 06:00:00,0,0001,-0.0017701027101157838,54.8731840135893
1987-11-01 06:00:00,0,0001,-0.0022555366192953887,67.66609857886166
1987-12-01 06:00:00,0,0001,-0.0025124891372118414,77.88716325356708
1988-01-01 06:00:00,0,0001,-0.0036955684944963837,114.56262332938789
1988-02-01 06:00:00,0,0001,-0.003787106585999146,109.82609099397524
1988-03-01 06:00:00,0,0001,-0.0029837909645727247,92.49751990175446
1988-04-01 06:00:00,0,0001,-0.002683460683002383,80.50382049007149
1988-05-01 06:00:00,0,0001,-0.0016304795674002047,50.54486658940635
1988-06-01 06:00:00,0,0001,-0.0006473206583612107,19.41961975083632
1988-07-01 06:00:00,0,0001,-0.000561989874177173,17.421686099492362
1988-08-01 06:00:00,0,0001,-0.0005982703098799044,18.546379606277036
1988-09-01 06:00:00,0,0001,-0.0015407899830673112,46.223699492019335
1988-10-01 06:00:00,0,0001,-0.0013947918464301185,43.23854723933367
1988-11-01 06:00:00,0,0001,-0.0018628358559285418,55.88507567785625
1988-12-01 06:00:00,0,0001,-0.0023851118636230404,73.93846777231425
1989-01-01 06:00:00,0,0001,-0.0036296335124436415,112.51863888575289
1989-02-01 06:00:00,0,0001,-0.0036720601352946878,102.81768378825126
1989-03-01 06:00:00,0,0001,-0.0032044467956918767,99.33785066644818
1989-04-01 06:00:00,0,0001,-0.0027116758100985254,81.35027430295575
1989-05-01 06:00:00,0,0001,-0.0014569475263396215,45.16537331652826
1989-06-01 06:00:00,0,0001,-0.0006414352453964589,19.243057361893765
1989-07-01 06:00:00,0,0001,-0.0005967859024153218,18.500362974874974
1989-08-01 06:00:00,0,0001,-0.0005699064516810478,17.66710000211248
1989-09-01 06:00:00,0,0001,-0.0008670022256152456,26.01006676845737
1989-10-01 06:00:00,0,0001,-0.0012054171064382194,37.3679302995848
1989-11-01 06:00:00,0,0001,-0.001677991878119672,50.33975634359016
1989-12-01 06:00:00,0,0001,-0.0024632409526913397,76.36046953343154
1990-01-01 06:00:00,0,0001,-0.0035797776187369923,110.97310618084676
1990-02-01 06:00:00,0,0001,-0.0036736316629537393,102.86168656270469
1990-03-01 06:00:00,0,0001,-0.0027809744987973956,86.21020946271926
1990-04-01 06:00:00,0,0001,-0.0019373366324640358,58.120098973921074
1990-05-01 06:00:00,0,0001,-0.0008447727140863995,26.187954136678385
1990-06-01 06:00:00,0,0001,-0.0006046228786642368,18.138686359927103
1990-07-01 06:00:00,0,0001,-0.000459436502144159,14.24253156646893
1990-08-01 06:00:00,0,0001,-0.0006668587826667943,20.67262226267062
1990-09-01 06:00:00,0,0001,-0.0007568385577475718,22.705156732427156
1990-10-01 06:00:00,0,0001,-0.0018653056347385372,57.82447467689465
1990-11-01 06:00:00,0,0001,-0.0027312886834685683,81.93866050405704
1990-12-01 06:00:00,0,0001,-0.0034260661201566418,106.2080497248559
1991-01-01 06:00:00,0,0001,-0.0035573203198542595,110.27692991548204
1991-02-01 06:00:00,0,0001,-0.0034854210135589142,97.5917883796496
1991-03-01 06:00:00,0,0001,-0.0032045540039655025,99.34117412293057
1991-04-01 06:00:00,0,0001,-0.0018600005627293409,55.80001688188023
1991-05-01 06:00:00,0,0001,-0.0007647672462014117,23.70778463224376
1991-06-01 06:00:00,0,0001,-0.0005459857889153899,16.379573667461695
1991-07-01 06:00:00,0,0001,-0.00041894733483319283,12.987367379828976
1991-08-01 06:00:00,0,0001,-0.0005384332156575872,16.691429685385206
1991-09-01 06:00:00,0,0001,-0.0008372175356968648,25.116526070905945
1991-10-01 06:00:00,0,0001,-0.0014049503113020107,43.55345965036233
1991-11-01 06:00:00,0,0001,-0.002177105507672571,65.31316523017713
1991-12-01 06:00:00,0,0001,-0.002847335921979278,88.26741358135762
1992-01-01 06:00:00,0,0001,-0.003625351168485113,112.38588622303851
1992-02-01 06:00:00,0,0001,-0.0034981465345522386,101.44624950201492
1992-03-01 06:00:00,0,0001,-0.0028823786343969656,89.35373766630593
1992-04-01 06:00:00,0,0001,-0.0011752046538590205,35.256139615770614
1992-05-01 06:00:00,0,0001,-0.0007062554468869028,21.89391885349399
1992-06-01 06:00:00,0,0001,-0.0005947220854268445,17.841662562805336
1992-07-01 06:00:00,0,0001,-0.0005764389765275046,17.869608272352643
1992-08-01 06:00:00,0,0001,-0.0006358245578936396,19.710561294702828
1992-09-01 06:00:00,0,0001,-0.0007164746880118327,21.494240640354978
1992-10-01 06:00:00,0,0001,-0.0015631243123647148,48.45685368330616
1992-11-01 06:00:00,0,0001,-0.0020814911229681226,62.44473368904368
1992-12-01 06:00:00,0,0001,-0.002420801263507876,75.04483916874415
1993-01-01 06:00:00,0,0001,-0.003547120425774733,109.96073319901673
1993-02-01 06:00:00,0,0001,-0.003645399644530403,102.0711900468513
1993-03-01 06:00:00,0,0001,-0.0032284982527749743,100.0834458360242
1993-04-01 06:00:00,0,0001,-0.0023454761399848596,70.36428419954579
1993-05-01 06:00:00,0,0001,-0.001110597098491491,34.428510053236224
1993-06-01 06:00:00,0,0001,-0.00047309850903532374,14.192955271059713
1993-07-01 06:00:00,0,0001,-0.00047156673857915755,14.618568895953883
1993-08-01 06:00:00,0,0001,-0.0008401556888119917,26.044826353171743
1993-09-01 06:00:00,0,0001,-0.0009350441976747602,28.051325930242808
1993-10-01 06:00:00,0,0001,-0.002080376695350997,64.49167755588091
1993-11-01 06:00:00,0,0001,-0.0027244654008088585,81.73396202426575
1993-12-01 06:00:00,0,0001,-0.0031951473157090745,99.0495667869813
1994-01-01 06:00:00,0,0001,-0.00373171547524656,115.68317973264335
1994-02-01 06:00:00,0,0001,-0.003777569750634484,105.77195301776555
1994-03-01 06:00:00,0,0001,-0.003047930319821058,94.4858399144528
1994-04-01 06:00:00,0,0001,-0.002041395136320265,61.241854089607955
1994-05-01 06:00:00,0,0001,-0.0008129407270302777,25.20116253793861
1994-06-01 06:00:00,0,0001,-0.0005066562677605162,15.199688032815486
1994-07-01 06:00:00,0,0001,-0.00044537039889348053,13.806482365697896
1994-08-01 06:00:00,0,0001,-0.000595078620353608,18.447437230961846
1994-09-01 06:00:00,0,0001,-0.0009642908139793685,28.92872441938106
1994-10-01 06:00:00,0,0001,-0.0013587428325994289,42.12102781058229
1994-11-01 06:00:00,0,0001,-0.002195702704990725,65.87108114972175
1994-12-01 06:00:00,0,0001,-0.0029231603336783555,90.61797034402902
1995-01-01 06:00:00,0,0001,-0.003625681583009533,112.39612907329553
1995-02-01 06:00:00,0,0001,-0.002870492105671971,80.37377895881518
1995-03-01 06:00:00,0,0001,-0.003254835891204795,100.89991262734866
1995-04-01 06:00:00,0,0001,-0.0014853814421156822,44.561443263470466
1995-05-01 06:00:00,0,0001,-0.0007277503415176904,22.5602605870484
1995-06-01 06:00:00,0,0001,-0.0004711076242753299,14.133228728259898
1995-07-01 06:00:00,0,0001,-0.00040705973062127554,12.618851649259542
1995-08-01 06:00:00,0,0001,-0.0006544430352245594,20.28773409196134
1995-09-01 06:00:00,0,0001,-0.001005443237042329,30.163297111269873
1995-10-01 06:00:00,0,0001,-0.0011187379811299553,34.68087741502861
1995-11-01 06:00:00,0,0001,-0.0016720164205708975,50.16049261712693
1995-12-01 06:00:00,0,0001,-0.002236669789736855,69.33676348184251
1996-01-01 06:00:00,0,0001,-0.003048251364410059,94.49579229671183
1996-02-01 06:00:00,0,0001,-0.0036667244210228838,106.33500820966363
1996-03-01 06:00:00,0,0001,-0.0030680381778364425,95.10918351292972
1996-04-01 06:00:00,0,0001,-0.001982088949634081,59.46266848902243
1996-05-01 06:00:00,0,0001,-0.0008258423602906513,25.60111316901019
1996-06-01 06:00:00,0,0001,-0.0005367036309054907,16.101108927164724
1996-07-01 06:00:00,0,0001,-0.0003915528926019147,12.138139670659356
1996-08-01 06:00:00,0,0001,-0.0006719248820972402,20.829671345014447
1996-09-01 06:00:00,0,0001,-0.001264132078575109,37.92396235725327
1996-10-01 06:00:00,0,0001,-0.0011808169046627298,36.60532404454462
1996-11-01 06:00:00,0,0001,-0.002258783552194697,67.7635065658409
1996-12-01 06:00:00,0,0001,-0.003143611876868841,97.45196818293407
1997-01-01 06:00:00,0,0001,-0.003546619805959425,109.94521398474218
1997-02-01 06:00:00,0,0001,-0.003764592726332448,105.40859633730854
1997-03-01 06:00:00,0,0001,-0.003437254693829324,106.55489550870904
1997-04-01 06:00:00,0,0001,-0.0023294281309580722,69.88284392874216
1997-05-01 06:00:00,0,0001,-0.000993288235661018,30.79193530549156
1997-06-01 06:00:00,0,0001,-0.0005096332442649924,15.28899732794977
1997-07-01 06:00:00,0,0001,-0.00042847836807430306,13.282829410303394
1997-08-01 06:00:00,0,0001,-0.0008243797300895771,25.555771632776892
1997-09-01 06:00:00,0,0001,-0.0012590410597673447,37.77123179302034
1997-10-01 06:00:00,0,0001,-0.0011716623759083248,36.32153365315807
1997-11-01 06:00:00,0,0001,-0.0018910539002175762,56.73161700652729
1997-12-01 06:00:00,0,0001,-0.0017441036675641334,54.06721369448814
1998-01-01 06:00:00,0,0001,-0.0030942824604649833,95.92275627441448
1998-02-01 06:00:00,0,0001,-0.003448713459410936,96.56397686350621
1998-03-01 06:00:00,0,0001,-0.0021215101349433517,65.7668141832439
1998-04-01 06:00:00,0,0001,-0.0015010822046030317,45.032466138090946
1998-05-01 06:00:00,0,0001,-0.0006237527240069718,19.336334444216124
1998-06-01 06:00:00,0,0001,-0.0005296631759564127,15.889895278692382
1998-07-01 06:00:00,0,0001,-0.0006798363201244815,21.074925923858924
1998-08-01 06:00:00,0,0001,-0.0005916993140535655,18.34267873566053
1998-09-01 06:00:00,0,0001,-0.0007920778608577236,23.762335825731707
1998-10-01 06:00:00,0,0001,-0.0014517851696113477,45.00534025795177
1998-11-01 06:00:00,0,0001,-0.0019387263706768943,58.16179112030683
1998-12-01 06:00:00,0,0001,-0.002378279442069889,73.72666270416656
1999-01-01 06:00:00,0,0001,-0.003298734607176005,102.26077282245616
1999-02-01 06:00:00,0,0001,-0.003536264712339701,99.01541194551163
1999-03-01 06:00:00,0,0001,-0.0032999517543560075,102.29850438503624
1999-04-01 06:00:00,0,0001,-0.0026438768079168644,79.31630423750593
1999-05-01 06:00:00,0,0001,-0.0011131484704345162,34.50760258347
1999-06-01 06:00:00,0,0001,-0.0005756528150608734,17.269584451826198
1999-07-01 06:00:00,0,0001,-0.0005300392198506387,16.431215815369804
1999-08-01 06:00:00,0,0001,-0.000655952733612581,20.33453474199001
1999-09-01 06:00:00,0,0001,-0.0012109031539674147,36.32709461902244
1999-10-01 06:00:00,0,0001,-0.001872024481423911,58.03275892414124
1999-11-01 06:00:00,0,0001,-0.001324033741400728,39.72101224202184
1999-12-01 06:00:00,0,0001,-0.0018108429963338921,56.13613288635066
2000-01-01 06:00:00,0,0001,-0.0036342477261779886,112.66167951151765
2000-02-01 06:00:00,0,0001,-0.0038538765329735724,111.76241945623359
2000-03-01 06:00:00,0,0001,-0.0032375875396652106,100.36521372962153
2000-04-01 06:00:00,0,0001,-0.0018192395305965845,54.57718591789754
2000-05-01 06:00:00,0,0001,-0.0009404511971577327,29.153987111889712
2000-06-01 06:00:00,0,0001,-0.0006133314012635148,18.39994203790544
2000-07-01 06:00:00,0,0001,-0.00045689511255463724,14.163748489193754
2000-08-01 06:00:00,0,0001,-0.000592578334665739,18.369928374637908
2000-09-01 06:00:00,0,0001,-0.000821316867336029,24.63950602008087
2000-10-01 06:00:00,0,0001,-0.0015964912372641552,49.49122835518881
2000-11-01 06:00:00,0,0001,-0.0013090019715736561,39.270059147209686
2000-12-01 06:00:00,0,0001,-0.002631332717312386,81.57131423668396
2001-01-01 06:00:00,0,0001,-0.003367887535363337,104.40451359626344
2001-02-01 06:00:00,0,0001,-0.0035515246297150964,99.4426896320227
2001-03-01 06:00:00,0,0001,-0.0034380757717993476,106.58034892577977
2001-04-01 06:00:00,0,0001,-0.0025006105324113263,75.01831597233979
2001-05-01 06:00:00,0,0001,-0.0009400650769666183,29.14201738596517
2001-06-01 06:00:00,0,0001,-0.0005659879261870418,16.979637785611253
2001-07-01 06:00:00,0,0001,-0.0004254209260066319,13.18804870620559
2001-08-01 06:00:00,0,0001,-0.0007914917710635331,24.536244902969525
2001-09-01 06:00:00,0,0001,-0.0009800648665483334,29.40194599645
2001-10-01 06:00:00,0,0001,-0.0013861427928605846,42.97042657867812
2001-11-01 06:00:00,0,0001,-0.0017184199492312,51.552598476936005
2001-12-01 06:00:00,0,0001,-0.002844034498845029,88.16506946419591
2002-01-01 06:00:00,0,0001,-0.002939517054635663,91.12502869370556
2002-02-01 06:00:00,0,0001,-0.003647653821234425,102.1343069945639
2002-03-01 06:00:00,0,0001,-0.003327384162834685,103.14890904787524
2002-04-01 06:00:00,0,0001,-0.0025625970373712617,76.87791112113786
2002-05-01 06:00:00,0,0001,-0.0011695628266564964,36.25644762635139
2002-06-01 06:00:00,0,0001,-0.0005288816383134144,15.866449149402433
2002-07-01 06:00:00,0,0001,-0.0008844073573998413,27.41662807939508
2002-08-01 06:00:00,0,0001,-0.0006991914178549972,21.674933953504915
2002-09-01 06:00:00,0,0001,-0.0008160056082608599,24.480168247825798
2002-10-01 06:00:00,0,0001,-0.002162449768051407,67.03594280959362
2002-11-01 06:00:00,0,0001,-0.001966805976703414,59.004179301102425
2002-12-01 06:00:00,0,0001,-0.0023876468366279473,74.01705193546637
2003-01-01 06:00:00,0,0001,-0.003323955198616109,103.04261115709939
2003-02-01 06:00:00,0,0001,-0.0036447447002960916,102.05285160829057
2003-03-01 06:00:00,0,0001,-0.0033444223560015235,103.67709303604724
2003-04-01 06:00:00,0,0001,-0.0017452795558751948,52.35838667625584
2003-05-01 06:00:00,0,0001,-0.0008376570262407934,25.967367813464595
2003-06-01 06:00:00,0,0001,-0.0004444207317547464,13.332621952642391
2003-07-01 06:00:00,0,0001,-0.0006186422303089547,19.177909139577597
2003-08-01 06:00:00,0,0001,-0.0008676017735398224,26.895654979734495
2003-09-01 06:00:00,0,0001,-0.0008290402039144508,24.871206117433523
2003-10-01 06:00:00,0,0001,-0.0011430431786064892,35.43433853680117
2003-11-01 06:00:00,0,0001,-0.0014684448604106682,44.053345812320046
2003-12-01 06:00:00,0,0001,-0.0022054730927597945,68.36966587555362
2004-01-01 06:00:00,0,0001,-0.0036569562485403054,113.36564370474947
2004-02-01 06:00:00,0,0001,-0.0038737083884144803,112.33754326401993
2004-03-01 06:00:00,0,0001,-0.0032973351935621955,102.21739100042807
2004-04-01 06:00:00,0,0001,-0.0020666368138723607,61.999104416170816
2004-05-01 06:00:00,0,0001,-0.000877713967236948,27.209132984345388
2004-06-01 06:00:00,0,0001,-0.00045272122045662616,13.581636613698784
2004-07-01 06:00:00,0,0001,-0.0006297864891539478,19.523381163772385
2004-08-01 06:00:00,0,0001,-0.001269330760332543,39.34925357030883
2004-09-01 06:00:00,0,0001,-0.0009951079180569916,29.85323754170975
2004-10-01 06:00:00,0,0001,-0.00114696753960002,35.55599372760062
2004-11-01 06:00:00,0,0001,-0.0014642593835899513,43.92778150769854
2004-12-01 06:00:00,0,0001,-0.002266650431898767,70.26616338886178
2005-01-01 06:00:00,0,0001,-0.0035871842828463416,111.2027127682366
2005-02-01 06:00:00,0,0001,-0.00371949722512884,104.14592230360752
2005-03-01 06:00:00,0,0001,-0.0033232759085677264,103.02155316559953
2005-04-01 06:00:00,0,0001,-0.0022646952999329367,67.9408589979881
2005-05-01 06:00:00,0,0001,-0.0008266638363118568,25.62657892566756
2005-06-01 06:00:00,0,0001,-0.0005200341466156184,15.601024398468551
2005-07-01 06:00:00,0,0001,-0.0005113342206155879,15.851360839083226
2005-08-01 06:00:00,0,0001,-0.0005757125632911863,17.847089462026773
2005-09-01 06:00:00,0,0001,-0.0013837665029295424,41.512995087886274
2005-10-01 06:00:00,0,0001,-0.0017874763353783632,55.41176639672926
2005-11-01 06:00:00,0,0001,-0.0021278883581864003,63.83665074559201
2005-12-01 06:00:00,0,0001,-0.0027055510927053547,83.87208387386599
2006-01-01 06:00:00,0,0001,-0.003632002321597845,112.59207196953321
2006-02-01 06:00:00,0,0001,-0.003957224177925452,110.80227698191266
2006-03-01 06:00:00,0,0001,-0.0032375399039431562,100.36373702223784
2006-04-01 06:00:00,0,0001,-0.0025362102356752754,76.08630707025826
2006-05-01 06:00:00,0,0001,-0.0011692283478458411,36.24607878322107
2006-06-01 06:00:00,0,0001,-0.0005253430404743289,15.760291214229866
2006-07-01 06:00:00,0,0001,-0.00044209639471058285,13.704988236028068
2006-08-01 06:00:00,0,0001,-0.0006034770968335121,18.707790001838873
2006-09-01 06:00:00,0,0001,-0.0008950873961192231,26.852621883576692
2006-10-01 06:00:00,0,0001,-0.0015275358104285717,47.35361012328572
2006-11-01 06:00:00,0,0001,-0.0022144395843839925,66.43318753151978
2006-12-01 06:00:00,0,0001,-0.002418249693397489,74.96574049532217
2007-01-01 06:00:00,0,0001,-0.003554716392786571,110.1962081763837
2007-02-01 06:00:00,0,0001,-0.0026639261870693674,74.58993323794229
2007-03-01 06:00:00,0,0001,-0.003157930190568435,97.89583590762147
2007-04-01 06:00:00,0,0001,-0.0019755751046599194,59.26725313979758
2007-05-01 06:00:00,0,0001,-0.000782423740844073,24.25513596616626
2007-06-01 06:00:00,0,0001,-0.00044276995797424656,13.283098739227396
2007-07-01 06:00:00,0,0001,-0.0005008199110626201,15.525417242941222
2007-08-01 06:00:00,0,0001,-0.0006131912578606973,19.008928993681618
2007-09-01 06:00:00,0,0001,-0.0012297910924236547,36.89373277270965
2007-10-01 06:00:00,0,0001,-0.0013092335059427477,40.58623868422518
2007-11-01 06:00:00,0,0001,-0.0020675522258382932,62.0265667751488
2007-12-01 06:00:00,0,0001,-0.002848940631361794,88.31715957221562
2008-01-01 06:00:00,0,0001,-0.003513007264485875,108.90322519906212
2008-02-01 06:00:00,0,0001,-0.00358982095787469,104.10480777836601
2008-03-01 06:00:00,0,0001,-0.0030737600627136524,95.28656194412324
2008-04-01 06:00:00,0,0001,-0.0016812087188882766,50.4362615666483
2008-05-01 06:00:00,0,0001,-0.0006565073959499782,20.351729274449323
2008-06-01 06:00:00,0,0001,-0.00045409580504633,13.622874151389901
2008-07-01 06:00:00,0,0001,-0.0004138908547147974,12.83061649615872
2008-08-01 06:00:00,0,0001,-0.000542996960044141,16.83290576136837
2008-09-01 06:00:00,0,0001,-0.0007441317867938084,22.32395360381425
2008-10-01 06:00:00,0,0001,-0.0011857292281096106,36.75760607139793
2008-11-01 06:00:00,0,0001,-0.0015558752241614314,46.67625672484294
2008-12-01 06:00:00,0,0001,-0.0029478279756327513,91.38266724461529
2009-01-01 06:00:00,0,0001,-0.003765660773643266,116.73548398294125
2009-02-01 06:00:00,0,0001,-0.003427417451927072,95.96768865395802
2009-03-01 06:00:00,0,0001,-0.003366795871859746,104.37067202765213
2009-04-01 06:00:00,0,0001,-0.002219270783958226,66.57812351874678
2009-05-01 06:00:00,0,0001,-0.000914813713851203,28.35922512938729
2009-06-01 06:00:00,0,0001,-0.00047569116916018205,14.270735074805462
2009-07-01 06:00:00,0,0001,-0.00048355821169179943,14.990304562445782
2009-08-01 06:00:00,0,0001,-0.0004990872903498208,15.471706000844446
2009-09-01 06:00:00,0,0001,-0.0008274503904346648,24.823511713039945
2009-10-01 06:00:00,0,0001,-0.0010513298800430449,32.59122628133439
2009-11-01 06:00:00,0,0001,-0.0021273510957239092,63.82053287171728
2009-12-01 06:00:00,0,0001,-0.0028629473103167604,88.75136661981956
2010-01-01 06:00:00,0,0001,-0.0036392906165108978,112.81800911183782
2010-02-01 06:00:00,0,0001,-0.0035283460108563704,98.79368830397837
2010-03-01 06:00:00,0,0001,-0.002980670428347132,92.4007832787611
2010-04-01 06:00:00,0,0001,-0.001752565324687022,52.57695974061066
2010-05-01 06:00:00,0,0001,-0.0010566027344701084,32.75468476857336
2010-06-01 06:00:00,0,0001,-0.0004562940746041307,13.68882223812392
2010-07-01 06:00:00,0,0001,-0.000504103320394901,15.627202932241932
2010-08-01 06:00:00,0,0001,-0.000520856186667673,16.14654178669786
2010-09-01 06:00:00,0,0001,-0.0009223271030866141,27.669813092598424
2010-10-01 06:00:00,0,0001,-0.0012836853125922389,39.794244690359406
2010-11-01 06:00:00,0,0001,-0.0012444026812966627,37.33208043889988
2010-12-01 06:00:00,0,0001,-0.0023106663100166945,71.63065561051752
2011-01-01 06:00:00,0,0001,-0.003405749790920328,105.57824351853017
2011-02-01 06:00:00,0,0001,-0.003405228727921677,95.34640438180696
2011-03-01 06:00:00,0,0001,-0.0033338886442848105,103.35054797282912
2011-04-01 06:00:00,0,0001,-0.0022548765059189394,67.64629517756818
2011-05-01 06:00:00,0,0001,-0.0009396983753037659,29.13064963441674
2011-06-01 06:00:00,0,0001,-0.0005740819270968593,17.222457812905777
2011-07-01 06:00:00,0,0001,-0.000539806001243154,16.733986038537772
2011-08-01 06:00:00,0,0001,-0.0005566440512870344,17.255965589898064
2011-09-01 06:00:00,0,0001,-0.0009693395304649392,29.080185913948174
2011-10-01 06:00:00,0,0001,-0.0011961904548595916,37.081904100647336
2011-11-01 06:00:00,0,0001,-0.0019314570325850097,57.943710977550296
2011-12-01 06:00:00,0,0001,-0.002759491687731349,85.54424231967182
2012-01-01 06:00:00,0,0001,-0.0038393119767549827,119.01867127940446
2012-02-01 06:00:00,0,0001,-0.00368064499802595,106.73870494275255
2012-03-01 06:00:00,0,0001,-0.0033026766045173715,102.38297474003852
2012-04-01 06:00:00,0,0001,-0.0027097477300205924,81.29243190061777
2012-05-01 06:00:00,0,0001,-0.001071022440631941,33.20169565959017
2012-06-01 06:00:00,0,0001,-0.00055126072545589,16.537821763676703
2012-07-01 06:00:00,0,0001,-0.000480028239680244,14.880875430087563
2012-08-01 06:00:00,0,0001,-0.0006334925946045165,19.63827043274001
2012-09-01 06:00:00,0,0001,-0.0008295521778960491,24.886565336881475
2012-10-01 06:00:00,0,0001,-0.001101118867298253,34.13468488624584
2012-11-01 06:00:00,0,0001,-0.0022654415464637883,67.96324639391364
2012-12-01 06:00:00,0,0001,-0.003192504588546424,98.96764224493914
2013-01-01 06:00:00,0,0001,-0.0037418875731507193,115.9985147676723
2013-02-01 06:00:00,0,0001,-0.0036383163824273406,101.87285870796553
2013-03-01 06:00:00,0,0001,-0.0033586469187257407,104.11805448049796
2013-04-01 06:00:00,0,0001,-0.0011990771090646805,35.972313271940415
2013-05-01 06:00:00,0,0001,-0.0009051969663304509,28.061105956243978
2013-06-01 06:00:00,0,0001,-0.0008251706960335941,24.755120881007823
2013-07-01 06:00:00,0,0001,-0.0005180384758338254,16.059192750848588
2013-08-01 06:00:00,0,0001,-0.0008700549645995443,26.971703902585872
2013-09-01 06:00:00,0,0001,-0.0008879006552376806,26.637019657130416
2013-10-01 06:00:00,0,0001,-0.0013541319993807862,41.97809198080437
2013-11-01 06:00:00,0,0001,-0.00185185445194118,55.5556335582354
2013-12-01 06:00:00,0,0001,-0.003152654051866813,97.7322756078712
2014-01-01 06:00:00,0,0001,-0.0035500108509592928,110.05033637973807
2014-02-01 06:00:00,0,0001,-0.003869827251808017,108.35516305062447
2014-03-01 06:00:00,0,0001,-0.0031721715154742584,98.33731697970201
2014-04-01 06:00:00,0,0001,-0.0017417870904794992,52.25361271438497
2014-05-01 06:00:00,0,0001,-0.0008073356089100113,25.02740387621035
2014-06-01 06:00:00,0,0001,-0.0004599208959967062,13.797626879901186
2014-07-01 06:00:00,0,0001,-0.00048688016606280915,15.093285147947084
2014-08-01 06:00:00,0,0001,-0.0006492455338773827,20.126611550198866
2014-09-01 06:00:00,0,0001,-0.0012159056367211723,36.47716910163517
2014-10-01 06:00:00,0,0001,-0.0020405779935883106,63.25791780123763
2014-11-01 06:00:00,0,0001,-0.001528187826890899,45.84563480672696
2014-12-01 06:00:00,0,0001,-0.0021832793556067734,67.68166002380997
2015-01-01 06:00:00,0,0001,-0.003574735972051491,110.81681513359622
2015-02-01 06:00:00,0,0001,-0.0038094023865422252,106.66326682318231
2015-03-01 06:00:00,0,0001,-0.0034235452466802366,106.12990264708733
2015-04-01 06:00:00,0,0001,-0.002509409477780546,75.28228433341637
2015-05-01 06:00:00,0,0001,-0.0012620489978245938,39.123518932562405
2015-06-01 06:00:00,0,0001,-0.0004459189685880504,13.377569057641512
2015-07-01 06:00:00,0,0001,-0.0005025044658827732,15.57763844236597
2015-08-01 06:00:00,0,0001,-0.0007827289456738601,24.264597315889663
2015-09-01 06:00:00,0,0001,-0.001039828186582084,31.194845597462518
2015-10-01 06:00:00,0,0001,-0.0014731334842039907,45.66713801032371
2015-11-01 06:00:00,0,0001,-0.001981736218494952,59.45208655484856
2015-12-01 06:00:00,0,0001,-0.0017672144388354654,54.783647603899425
2016-01-01 06:00:00,0,0001,-0.002946945163815224,91.35530007827194
2016-02-01 06:00:00,0,0001,-0.003399038868029028,98.57212717284182
2016-03-01 06:00:00,0,0001,-0.0025405405273292974,78.75675634720822
2016-04-01 06:00:00,0,0001,-0.0017809201527161603,53.42760458148481
2016-05-01 06:00:00,0,0001,-0.0006401194712506201,19.843703608769225
2016-06-01 06:00:00,0,0001,-0.0004890600736537918,14.671802209613753
2016-07-01 06:00:00,0,0001,-0.0004417791731650143,13.695154368115443
2016-08-01 06:00:00,0,0001,-0.0006138250285666482,19.028575885566095
2016-09-01 06:00:00,0,0001,-0.0008804592482426573,26.41377744727972
2016-10-01 06:00:00,0,0001,-0.0014243204294849057,44.15393331403208
2016-11-01 06:00:00,0,0001,-0.0013649861239364977,40.94958371809493
2016-12-01 06:00:00,0,0001,-0.0023983609293458607,74.34918880972168
2017-01-01 06:00:00,0,0001,-0.003621105368624973,112.25426642737416
2017-02-01 06:00:00,0,0001,-0.0027293522730457037,76.4218636452797
2017-03-01 06:00:00,0,0001,-0.0032308514300104134,100.15639433032283
2017-04-01 06:00:00,0,0001,-0.002274884792429866,68.24654377289599
2017-05-01 06:00:00,0,0001,-0.000998724742085931,30.96046700466386
2017-06-01 06:00:00,0,0001,-0.0006358176023305345,19.074528069916035
2017-07-01 06:00:00,0,0001,-0.0004416644889372589,13.691599157055025
2017-08-01 06:00:00,0,0001,-0.0005400895987968902,16.742777562703594
2017-09-01 06:00:00,0,0001,-0.0013393410515315422,40.18023154594626
2017-10-01 06:00:00,0,0001,-0.0011658397091456245,36.141030983514355
2017-11-01 06:00:00,0,0001,-0.0014348019949576825,43.04405984873048
2017-12-01 06:00:00,0,0001,-0.0025943152752394253,80.42377353242217
2018-01-01 06:00:00,0,0001,-0.003414206816037001,105.84041129714703
2018-02-01 06:00:00,0,0001,-0.0035099157333455186,98.27764053367451
2018-03-01 06:00:00,0,0001,-0.0033753796732325747,104.63676987020982
2018-04-01 06:00:00,0,0001,-0.0017890070142100331,53.67021042630099
2018-05-01 06:00:00,0,0001,-0.0009088292241121054,28.17370594747527
2018-06-01 06:00:00,0,0001,-0.0006842088179647536,20.52626453894261
2018-07-01 06:00:00,0,0001,-0.0007468156040966123,23.151283726994983
2018-08-01 06:00:00,0,0001,-0.0007272203741877628,22.54383159982065
2018-09-01 06:00:00,0,0001,-0.0008404781323586754,25.214343970760265
2018-10-01 06:00:00,0,0001,-0.0015682482698665188,48.615696365862085
2018-11-01 06:00:00,0,0001,-0.0018346513516565165,55.039540549695495
2018-12-01 06:00:00,0,0001,-0.002401600761996029,74.44962362187691
2019-01-01 06:00:00,0,0001,-0.0037494906376674872,116.23420976769211
2019-02-01 06:00:00,0,0001,-0.0037373998120134627,104.64719473637696
2019-03-01 06:00:00,0,0001,-0.0029293864271848365,90.81097924272993
2019-04-01 06:00:00,0,0001,-0.0021962296075033875,65.88688822510163
2019-05-01 06:00:00,0,0001,-0.0008632170023790373,26.759727073750156
2019-06-01 06:00:00,0,0001,-0.00050115562862284,15.0346688586852
2019-07-01 06:00:00,0,0001,-0.0006855889993455996,21.25325897971359
2019-08-01 06:00:00,0,0001,-0.000584629537337905,18.123515657475053
2019-09-01 06:00:00,0,0001,-0.0016431367135027978,49.29410140508393
2019-10-01 06:00:00,0,0001,-0.0012063564003582325,37.39704841110521
2019-11-01 06:00:00,0,0001,-0.0020259429752490965,60.7782892574729
2019-12-01 06:00:00,0,0001,-0.0022623726987371848,70.13355366085273
2020-01-01 06:00:00,0,0001,-0.0038182185198906613,118.3647741166105
2020-02-01 06:00:00,0,0001,-0.0034249296159968674,99.32295886390915
2020-03-01 06:00:00,0,0001,-0.003217575598278681,99.7448435466391
2020-04-01 06:00:00,0,0001,-0.0018289825454485802,54.8694763634574
2020-05-01 06:00:00,0,0001,-0.0006882239979745674,21.33494393721159
2020-06-01 06:00:00,0,0001,-0.0005144057444250832,15.432172332752497
2020-07-01 06:00:00,0,0001,-0.00037886367049592566,11.744773785373695
2020-08-01 06:00:00,0,0001,-0.000592530575100592,18.368447828118352
2020-09-01 06:00:00,0,0001,-0.0011200123499743788,33.60037049923136
2020-10-01 06:00:00,0,0001,-0.0017817931942098733,55.23558902050607
2020-11-01 06:00:00,0,0001,-0.0012547160690270028,37.641482070810085
2020-12-01 06:00:00,0,0001,-0.0023442438333556846,72.67155883402621
2021-01-01 06:00:00,0,0001,-0.003681389484625628,114.12307402339447
2021-02-01 06:00:00,0,0001,-0.003137862237575538,87.86014265211507
2021-03-01 06:00:00,0,0001,-0.003142498502766616,97.4174535857651
2021-04-01 06:00:00,0,0001,-0.0018831857751363064,56.495573254089194
2021-05-01 06:00:00,0,0001,-0.0007262004003940871,22.5122124122167
2021-06-01 06:00:00,0,0001,-0.0004904132009533455,14.712396028600367
2021-07-01 06:00:00,0,0001,-0.0004209539014260492,13.049570944207524
2021-08-01 06:00:00,0,0001,-0.0007099328182486624,22.007917365708536
2021-09-01 06:00:00,0,0001,-0.0009839583452903114,29.51875035870934
2021-10-01 06:00:00,0,0001,-0.0011649732378979179,36.11417037483545
2021-11-01 06:00:00,0,0001,-0.001749297047781932,52.47891143345796
2021-12-01 06:00:00,0,0001,-0.0031704826809274243,98.28496310875015
2022-01-01 06:00:00,0,0001,-0.0036997933588284303,114.69359412368134
2022-02-01 06:00:00,0,0001,-0.0037760218853529863,105.72861278988361
2022-03-01 06:00:00,0,0001,-0.003411585405512481,105.75914757088692
2022-04-01 06:00:00,0,0001,-0.0021784188976732136,65.3525669301964
2022-05-01 06:00:00,0,0001,-0.0009052415091760469,28.062486784457455
2022-06-01 06:00:00,0,0001,-0.0005114963331140647,15.344889993421942
2022-07-01 06:00:00,0,0001,-0.00043364658812104415,13.443044231752369
2022-08-01 06:00:00,0,0001,-0.0005930423518104409,18.384312906123668
2022-09-01 06:00:00,0,0001,-0.0008255266152828434,24.7657984584853
2022-10-01 06:00:00,0,0001,-0.0010411153728743915,32.27457655910614
2022-11-01 06:00:00,0,0001,-0.001229550126527354,36.886503795820616
2022-12-01 06:00:00,0,0001,-0.001960899806411573,60.78789399875876
2023-01-01 06:00:00,0,0001,-0.002342379238665033,72.61375639861602
2023-02-01 06:00:00,0,0001,-0.0032740565529595623,91.67358348286776
2023-03-01 06:00:00,0,0001,-0.002397752482657414,74.33032696237983
2023-04-01 06:00:00,0,0001,-0.0014006652953896612,42.019958861689844
2023-05-01 06:00:00,0,0001,-0.0006879796865425631,21.327370282819455
2023-06-01 06:00:00,0,0001,-0.0004405654340135046,13.216963020405137
2023-07-01 06:00:00,0,0001,-0.0003647102331153032,11.306017226574397
2023-08-01 06:00:00,0,0001,-0.0005142841568964678,15.9428088637905
2023-09-01 06:00:00,0,0001,-0.0007523283126254516,22.569849378763546
2023-10-01 06:00:00,0,0001,-0.0014804031070346955,45.89249631807556
2023-11-01 06:00:00,0,0001,-0.001964784890933859,58.943546728015775
2023-12-01 06:00:00,0,0001,-0.002832306397372961,87.8014983185618
2024-01-01 06:00:00,0,0001,-0.0030508050676708366,94.57495709779595
2024-02-01 06:00:00,0,0001,-0.003578468937741133,103.77559919449286
2024-03-01 06:00:00,0,0001,-0.0033644595324255084,104.29824550519076
2024-04-01 06:00:00,0,0001,-0.0019378309473241791,58.13492841972538
2024-05-01 06:00:00,0,0001,-0.0009606823754767392,29.781153639778914
2024-06-01 06:00:00,0,0001,-0.000546417038085698,16.39251114257094
2024-07-01 06:00:00,0,0001,-0.0005063905027581227,15.698105585501803
2024-08-01 06:00:00,0,0001,-0.0006190601737762647,19.190865387064203
2024-09-01 06:00:00,0,0001,-0.0008777445584383294,26.33233675314988
2024-10-01 06:00:00,0,0001,-0.001321563000180081,40.96845300558251
2024-11-01 06:00:00,0,0001,-0.0024458516013559175,73.37554804067753
2024-12-01 06:00:00,0,0001,-0.0023020763694898637,71.36436745418577
2025-01-01 06:00:00,0,0001,-0.0035380244687264117,109.67875853051876
2025-02-01 06:00:00,0,0001,-0.003956719375903204,110.78814252528971
2025-03-01 06:00:00,0,0001,-0.0030095016292628982,93.29455050714984
2025-04-01 06:00:00,0,0001,-0.002406550304845638,72.19650914536913
2025-05-01 06:00:00,0,0001,-0.0013098155069979234,40.60428071693563
2025-06-01 06:00:00,0,0001,-0.0006526968868794237,19.58090660638271
2025-07-01 06:00:00,0,0001,-0.00047923734419837193,14.85635767014953
2025-08-01 06:00:00,0,0001,-0.0006608325305261526,20.48580844631073
2025-09-01 06:00:00,0,0001,-0.0011426841977593156,34.28052593277947
2025-10-01 06:00:00,0,0001,-0.0014752319857666075,45.73219155876483
2025-11-01 06:00:00,0,0001,-0.0014595881749181587,43.78764524754476
2025-12-01 06:00:00,0,0001,-0.002350400434115794,72.86241345758962
