date,t2m_C
1950-01-01,8.882830652570703
1950-02-01,9.600646619108034
1950-03-01,8.69025063031171
1950-04-01,8.464857146559893
1950-05-01,6.355323731320368
1950-06-01,3.5859809778052067
1950-07-01,3.6351925207393947
1950-08-01,5.629244144060976
1950-09-01,7.756952322892005
1950-10-01,8.370401595498606
1950-11-01,9.738077874996009
1950-12-01,9.213856927956954
1951-01-01,8.785604660203205
1951-02-01,8.818127167294165
1951-03-01,8.813236614771142
1951-04-01,6.274974887051883
1951-05-01,5.4864684208424706
1951-06-01,3.832727584981967
1951-07-01,4.580315486999837
1951-08-01,4.972184428789376
1951-09-01,8.288653461031004
1951-10-01,9.920364132370253
1951-11-01,9.88115384582045
1951-12-01,10.054397820656675
1952-01-01,10.936828052175997
1952-02-01,9.607489137552022
1952-03-01,9.14246752885441
1952-04-01,7.874114427921825
1952-05-01,6.188144631724299
1952-06-01,3.7631714462013406
1952-07-01,3.1895597938543574
1952-08-01,5.499424100431895
1952-09-01,7.535274172356537
1952-10-01,8.940263738273643
1952-11-01,10.089321513375978
1952-12-01,8.93747137526583
1953-01-01,9.18048196752892
1953-02-01,9.145020714358736
1953-03-01,9.37952447235972
1953-04-01,7.609093553918683
1953-05-01,4.833595012805631
1953-06-01,3.9211203825053076
1953-07-01,3.489219423980046
1953-08-01,5.990155182202614
1953-09-01,8.706334395436159
1953-10-01,9.97438447731787
1953-11-01,11.211301674571871
1953-12-01,9.555300616355396
1954-01-01,10.238458937745008
1954-02-01,9.158481532131532
1954-03-01,8.632782866053788
1954-04-01,8.198430504705527
1954-05-01,5.363543755619048
1954-06-01,4.390627586279209
1954-07-01,3.00107785812736
1954-08-01,6.498705426198342
1954-09-01,7.374417034858709
1954-10-01,9.0288661488662
1954-11-01,9.952005933218857
1954-12-01,9.025978536257526
1955-01-01,8.773977544132151
1955-02-01,9.006586143056154
1955-03-01,8.827901842096992
1955-04-01,7.527706737672759
1955-05-01,5.557728710710535
1955-06-01,3.4305976038028803
1955-07-01,2.945005288891423
1955-08-01,5.424701072420987
1955-09-01,7.499442272034173
1955-10-01,8.2611738302773
1955-11-01,10.878297075728824
1955-12-01,9.309637213458302
1956-01-01,8.691431400291151
1956-02-01,9.03410519956401
1956-03-01,8.670415623866631
1956-04-01,7.809763301467854
1956-05-01,4.223855528717422
1956-06-01,3.169093330967769
1956-07-01,3.0169031180532784
1956-08-01,4.599110279292063
1956-09-01,7.631122057776736
1956-10-01,9.556588307045274
1956-11-01,9.227101112542641
1956-12-01,9.908765666137867
1957-01-01,8.537492828513791
1957-02-01,8.747908101300595
1957-03-01,8.561587795845242
1957-04-01,7.005701621109893
1957-05-01,6.757831073959437
1957-06-01,4.318356573550716
1957-07-01,3.589621844552994
1957-08-01,5.679929091116662
1957-09-01,6.815657092242418
1957-10-01,10.664892120755042
1957-11-01,10.81354641381256
1957-12-01,11.27962182924233
1958-01-01,9.833594585465391
1958-02-01,10.011493413047504
1958-03-01,9.267172035084059
1958-04-01,8.455781024750365
1958-05-01,6.1704187617696675
1958-06-01,5.7166390075847175
1958-07-01,4.370312833393427
1958-08-01,5.49296167782984
1958-09-01,7.634585717396305
1958-10-01,9.659022975100015
1958-11-01,10.286013890719119
1958-12-01,10.2066179381481
1959-01-01,10.018469558887205
1959-02-01,9.423483627679104
1959-03-01,8.622026063966416
1959-04-01,8.716476112297187
1959-05-01,5.9309206870754565
1959-06-01,4.745536847699611
1959-07-01,5.054474672246613
1959-08-01,5.585263224608809
1959-09-01,7.922783184068749
1959-10-01,10.181998851436617
1959-11-01,11.061711406624795
1959-12-01,10.396876068306653
1960-01-01,9.60867960673312
1960-02-01,9.422452340983455
1960-03-01,9.389054312920337
1960-04-01,9.100805058195476
1960-05-01,5.579295652143685
1960-06-01,4.163203757347958
1960-07-01,5.082358674718705
1960-08-01,5.597914858978129
1960-09-01,7.896673502804276
1960-10-01,8.610393613284486
1960-11-01,10.675110330916482
1960-12-01,9.489581078767515
1961-01-01,11.098780798242558
1961-02-01,9.629178861046285
1961-03-01,10.273998037455726
1961-04-01,8.980294970421824
1961-05-01,7.7679955929610855
1961-06-01,5.427395048558935
1961-07-01,4.562198862946673
1961-08-01,6.002119540363196
1961-09-01,8.291907640493775
1961-10-01,9.677138504322784
1961-11-01,11.052652691042965
1961-12-01,10.133777626626852
1962-01-01,9.714274834130663
1962-02-01,9.644549855487412
1962-03-01,8.353352567360503
1962-04-01,7.266401341686219
1962-05-01,5.734128419822355
1962-06-01,3.703781294889893
1962-07-01,3.6544620440230915
1962-08-01,5.020013268473235
1962-09-01,8.237161326321313
1962-10-01,9.092473062127283
1962-11-01,10.171950238952434
1962-12-01,10.394986632112307
1963-01-01,8.98498662591362
1963-02-01,8.747485658986875
1963-03-01,8.896155016108025
1963-04-01,7.550612575988055
1963-05-01,6.802503012135162
1963-06-01,4.704292353601261
1963-07-01,5.386086829283045
1963-08-01,6.919575064936964
1963-09-01,7.3018985105795196
1963-10-01,9.89281777049581
1963-11-01,11.163389743467292
1963-12-01,10.056905963213012
1964-01-01,10.204822555777412
1964-02-01,10.575158470250756
1964-03-01,9.29670338081462
1964-04-01,9.234032497633791
1964-05-01,6.118353224742123
1964-06-01,4.655635745135726
1964-07-01,3.6807238066251102
1964-08-01,4.890027977254817
1964-09-01,7.117716088695431
1964-10-01,8.81749568575276
1964-11-01,9.462009868429448
1964-12-01,10.123847744425575
1965-01-01,8.90923369960501
1965-02-01,9.165957998346869
1965-03-01,8.068666447812234
1965-04-01,8.546828860412006
1965-05-01,6.556347724381737
1965-06-01,5.070011380229801
1965-07-01,4.089753103926228
1965-08-01,6.0751786582144405
1965-09-01,6.125052154440084
1965-10-01,10.141994694403877
1965-11-01,11.123764680621377
1965-12-01,11.228707321736636
1966-01-01,11.107212543092885
1966-02-01,11.036229285090371
1966-03-01,10.665410880591594
1966-04-01,9.345829913807279
1966-05-01,5.358902199666602
1966-06-01,4.31873346804781
1966-07-01,4.460080962623181
1966-08-01,5.432163583241049
1966-09-01,8.416163172235088
1966-10-01,10.145575607728745
1966-11-01,10.657311998187879
1966-12-01,10.294432611676598
1967-01-01,11.076791606341942
1967-02-01,9.47387505088625
1967-03-01,8.758479227305202
1967-04-01,7.7250842094506424
1967-05-01,7.1234740144586794
1967-06-01,3.442822828536862
1967-07-01,3.669547924400831
1967-08-01,5.477096926985325
1967-09-01,8.166642052975703
1967-10-01,9.862761322504014
1967-11-01,10.616532457053836
1967-12-01,9.29208407100225
1968-01-01,9.163896447356876
1968-02-01,8.972784251224198
1968-03-01,8.431081233134648
1968-04-01,6.663369903968999
1968-05-01,4.205366002204755
1968-06-01,4.453034742429907
1968-07-01,4.327546232210636
1968-08-01,5.568965745968171
1968-09-01,7.925570030781273
1968-10-01,10.469116691144905
1968-11-01,10.538686450522334
1968-12-01,10.181941829665504
1969-01-01,9.421334911182726
1969-02-01,10.05408521270283
1969-03-01,10.086934854418132
1969-04-01,9.481766807097756
1969-05-01,6.96629824831291
1969-06-01,5.1154633792368145
1969-07-01,4.921609698642101
1969-08-01,6.524682909539365
1969-09-01,8.846147725283402
1969-10-01,10.40113900253499
1969-11-01,11.943528762275776
1969-12-01,10.018305041547535
1970-01-01,9.922257785179056
1970-02-01,9.45899024832886
1970-03-01,8.789208547747592
1970-04-01,8.306994078408877
1970-05-01,6.4864798566408695
1970-06-01,5.092579375903711
1970-07-01,4.589049097690861
1970-08-01,5.899827575359325
1970-09-01,7.28130823178202
1970-10-01,10.132682083448799
1970-11-01,10.518367831775436
1970-12-01,10.087265317968786
1971-01-01,10.443059331914924
1971-02-01,8.776417245457935
1971-03-01,9.2172076567864
1971-04-01,8.160337633523909
1971-05-01,5.9010302213479235
1971-06-01,3.431169985081624
1971-07-01,3.3064681902579878
1971-08-01,5.7716152130042815
1971-09-01,8.420413867885884
1971-10-01,8.157183260608576
1971-11-01,9.340022911115568
1971-12-01,10.53404485661747
1972-01-01,8.823601818504812
1972-02-01,8.862648405515984
1972-03-01,9.802440648642062
1972-04-01,8.167382979837555
1972-05-01,6.697005500741966
1972-06-01,4.358351669003582
1972-07-01,5.444836502459566
1972-08-01,5.588847524202947
1972-09-01,7.994325708847953
1972-10-01,10.659246129785629
1972-11-01,12.300905078870926
1972-12-01,10.415838180849505
1973-01-01,11.4079274373413
1973-02-01,10.547609828994382
1973-03-01,10.390814877448179
1973-04-01,9.329268901181706
1973-05-01,7.352267536682348
1973-06-01,3.360078510466053
1973-07-01,4.389064168552181
1973-08-01,5.2153964346899215
1973-09-01,8.35915108005895
1973-10-01,10.732037809451526
1973-11-01,11.404479396476859
1973-12-01,10.852265414497936
1974-01-01,9.364556360643292
1974-02-01,9.081943605481854
1974-03-01,8.51673297703104
1974-04-01,7.60632571557403
1974-05-01,5.162277125985099
1974-06-01,3.592924520806605
1974-07-01,4.992932058007
1974-08-01,4.526347462531305
1974-09-01,8.041959771973666
1974-10-01,9.22835977680279
1974-11-01,11.285188123273826
1974-12-01,9.855916172491732
1975-01-01,9.427072294955167
1975-02-01,9.451052142132028
1975-03-01,9.287079476480017
1975-04-01,8.519775985353647
1975-05-01,6.54747094840252
1975-06-01,4.453422697272174
1975-07-01,3.7132028775707795
1975-08-01,6.307132615349531
1975-09-01,7.890892313087704
1975-10-01,9.399652568742624
1975-11-01,11.078619965397934
1975-12-01,9.885989199173707
1976-01-01,9.051379286554152
1976-02-01,9.167551888053083
1976-03-01,8.90313662680029
1976-04-01,7.951634789118032
1976-05-01,5.7152691920814505
1976-06-01,4.28261867492472
1976-07-01,5.475881366481701
1976-08-01,5.246024833423576
1976-09-01,6.327170885019882
1976-10-01,9.875875143935161
1976-11-01,10.333505922178631
1976-12-01,11.0172643117358
1977-01-01,10.393834334073517
1977-02-01,10.399589842904845
1977-03-01,9.167944591447736
1977-04-01,8.288681970808284
1977-05-01,5.601400246285891
1977-06-01,4.772366848430067
1977-07-01,5.709250309544359
1977-08-01,6.494335926987674
1977-09-01,8.013315852072083
1977-10-01,9.819535172811413
1977-11-01,10.502132028052017
1977-12-01,10.271881042377004
1978-01-01,9.422458966252975
1978-02-01,9.773071282615604
1978-03-01,8.653015642828109
1978-04-01,7.96265085018905
1978-05-01,5.951923269363078
1978-06-01,5.242913934339754
1978-07-01,4.436376490527778
1978-08-01,6.189766269774793
1978-09-01,7.289894602307584
1978-10-01,9.932086025624073
1978-11-01,10.790831517828906
1978-12-01,10.06355724408121
1979-01-01,9.23287401429792
1979-02-01,9.990639728529459
1979-03-01,9.406799254492455
1979-04-01,8.225296377650182
1979-05-01,6.3717912792966445
1979-06-01,5.99793098413403
1979-07-01,4.12374227830702
1979-08-01,6.226994059928813
1979-09-01,8.489919559180464
1979-10-01,10.810069943374629
1979-11-01,11.916958304249022
1979-12-01,10.754317728006015
1980-01-01,10.865824368695314
1980-02-01,11.070920587963997
1980-03-01,9.534068016395679
1980-04-01,8.935852201229181
1980-05-01,6.821480667011372
1980-06-01,6.132661087184545
1980-07-01,5.672825747221509
1980-08-01,6.201605698094397
1980-09-01,7.45128809810177
1980-10-01,10.63144250687077
1980-11-01,11.400672611337882
1980-12-01,10.773951159143735
1981-01-01,10.487891034856887
1981-02-01,9.497503766362684
1981-03-01,9.034869531185905
1981-04-01,7.662458921859525
1981-05-01,6.936290402410464
1981-06-01,3.9694938736189442
1981-07-01,3.8779481348629474
1981-08-01,5.699350116584412
1981-09-01,6.146282120817375
1981-10-01,9.933962895039542
1981-11-01,11.614319682357632
1981-12-01,12.016714150299094
1982-01-01,9.479996109492276
1982-02-01,10.000049878798905
1982-03-01,9.26118850108935
1982-04-01,7.716761314249425
1982-05-01,5.399943700283643
1982-06-01,4.184347014216939
1982-07-01,5.064166286272268
1982-08-01,7.016510552534953
1982-09-01,8.176903730345202
1982-10-01,10.516425235238046
1982-11-01,11.437789887727092
1982-12-01,11.11131782686607
1983-01-01,12.185910281892575
1983-02-01,10.976066055982983
1983-03-01,12.811291354638229
1983-04-01,11.492191946292223
1983-05-01,7.866622211540573
1983-06-01,5.227743530717021
1983-07-01,5.829889911460896
1983-08-01,7.3765351836475475
1983-09-01,6.796243037722377
1983-10-01,10.18409001350932
1983-11-01,10.783675157792743
1983-12-01,10.088397968904587
1984-01-01,8.650333758208376
1984-02-01,8.906710114993416
1984-03-01,9.145481243174459
1984-04-01,8.089675700523344
1984-05-01,7.539140337869867
1984-06-01,5.244782502506496
1984-07-01,4.769703311447415
1984-08-01,4.480591631454047
1984-09-01,7.180014760911945
1984-10-01,10.31757797449609
1984-11-01,9.605436770783228
1984-12-01,9.678563151323317
1985-01-01,9.12213114300988
1985-02-01,9.491230398861717
1985-03-01,9.25761945040307
1985-04-01,7.896051635107426
1985-05-01,6.44286962691973
1985-06-01,4.245637841401276
1985-07-01,3.842255977685795
1985-08-01,7.121349627904806
1985-09-01,8.018970229296485
1985-10-01,10.391034135715302
1985-11-01,8.670186094897588
1985-12-01,9.343277112332828
1986-01-01,9.775720632898356
1986-02-01,9.059532547305992
1986-03-01,8.94598635982652
1986-04-01,8.440870715009908
1986-05-01,5.57982278139832
1986-06-01,5.214946877938132
1986-07-01,3.4537010397512518
1986-08-01,6.457265866674163
1986-09-01,8.187201530878156
1986-10-01,9.36534650713071
1986-11-01,10.83789556763628
1986-12-01,10.03688439879403
1987-01-01,9.955494851825677
1987-02-01,9.637677939344712
1987-03-01,8.809336475236648
1987-04-01,8.687855928927604
1987-05-01,6.638027570186637
1987-06-01,4.293199142444564
1987-07-01,5.263295449069346
1987-08-01,6.9471930177987815
1987-09-01,8.423151069766845
1987-10-01,9.807096385126272
1987-11-01,11.547950326507475
1987-12-01,12.181598458138524
1988-01-01,10.810397827383952
1988-02-01,10.120935596583479
1988-03-01,9.901374193473544
1988-04-01,8.362957003619954
1988-05-01,6.755882703804673
1988-06-01,4.857578324818348
1988-07-01,5.937221692292951
1988-08-01,8.445413174993405
1988-09-01,8.590603317398575
1988-10-01,10.159546209243047
1988-11-01,10.980170674404519
1988-12-01,10.911089414617834
1989-01-01,9.697892329379272
1989-02-01,9.318921379053165
1989-03-01,9.004245959079128
1989-04-01,7.571973382113981
1989-05-01,6.6545304758563475
1989-06-01,5.475708206031413
1989-07-01,4.856882762441444
1989-08-01,6.58300033203335
1989-09-01,8.55003897292869
1989-10-01,11.261578732981377
1989-11-01,10.884048158215933
1989-12-01,11.141363920833783
1990-01-01,10.057310571525079
1990-02-01,9.289176114561599
1990-03-01,9.989625236024779
1990-04-01,9.393330358298158
1990-05-01,7.364051950150952
1990-06-01,4.961070243244194
1990-07-01,4.210431653745616
1990-08-01,6.573823882156205
1990-09-01,8.163165240970159
1990-10-01,10.79689444628275
1990-11-01,11.053461750100894
1990-12-01,10.19620673587275
1991-01-01,10.122690676770219
1991-02-01,10.609279531486152
1991-03-01,9.81736615549272
1991-04-01,9.593447326167166
1991-05-01,7.880846741418168
1991-06-01,5.3762489868389025
1991-07-01,5.203784603831423
1991-08-01,7.806308350806148
1991-09-01,8.653633206881068
1991-10-01,10.244224482814786
1991-11-01,10.269312035331268
1991-12-01,10.26159925949878
1992-01-01,9.505049968188814
1992-02-01,9.726246544334401
1992-03-01,9.671159784319912
1992-04-01,9.188941869694588
1992-05-01,7.720798349257507
1992-06-01,5.270244213196861
1992-07-01,4.526788315978592
1992-08-01,5.382659524014798
1992-09-01,6.9966811136893625
1992-10-01,9.914677335556291
1992-11-01,9.898278970230422
1992-12-01,11.395905318571579
1993-01-01,9.133634274516453
1993-02-01,9.237834534339186
1993-03-01,9.014781787227207
1993-04-01,8.913072611761265
1993-05-01,6.8303370639715695
1993-06-01,5.904704353337081
1993-07-01,4.859796023868228
1993-08-01,5.2763731696612695
1993-09-01,8.154599641702532
1993-10-01,9.965828801811199
1993-11-01,11.091235643716402
1993-12-01,10.619892670154172
1994-01-01,9.96601278276097
1994-02-01,9.681569664378856
1994-03-01,9.285435747975384
1994-04-01,9.265668339913645
1994-05-01,7.908357303388016
1994-06-01,5.542888026806452
1994-07-01,5.566897498539504
1994-08-01,7.435602150440388
1994-09-01,9.473257800780516
1994-10-01,10.72396197875156
1994-11-01,11.403670620116316
1994-12-01,10.887200632703468
1995-01-01,10.41584399950915
1995-02-01,10.992639388827627
1995-03-01,9.906378440235358
1995-04-01,9.681120110515963
1995-05-01,7.626420151114303
1995-06-01,5.776000391681066
1995-07-01,5.80308277105911
1995-08-01,8.599525507608519
1995-09-01,9.829299473699791
1995-10-01,10.898174845098481
1995-11-01,12.373914740251337
1995-12-01,10.830585755394168
1996-01-01,10.508021825633818
1996-02-01,10.204169949422067
1996-03-01,9.807950380300042
1996-04-01,9.862214311770003
1996-05-01,7.451463642693852
1996-06-01,5.173375461397654
1996-07-01,5.16761966908075
1996-08-01,7.378169869700287
1996-09-01,7.722242760542883
1996-10-01,10.967395096929692
1996-11-01,10.733795332258978
1996-12-01,10.574454687009961
1997-01-01,9.82340820512087
1997-02-01,9.448297265080669
1997-03-01,8.630722535264454
1997-04-01,7.807925968254494
1997-05-01,6.622271487003445
1997-06-01,4.961490279521968
1997-07-01,6.3393128268414785
1997-08-01,6.002648246776232
1997-09-01,9.5997300814077
1997-10-01,11.202249053907053
1997-11-01,12.430449945792986
1997-12-01,13.85632258369452
1998-01-01,13.169141706569917
1998-02-01,12.269866608822042
1998-03-01,12.89794823003723
1998-04-01,10.353267727399498
1998-05-01,8.217189853235595
1998-06-01,6.112648974609613
1998-07-01,6.63954449891412
1998-08-01,7.436394484741243
1998-09-01,8.691702605442515
1998-10-01,10.40548167659
1998-11-01,10.896134568506966
1998-12-01,12.113580210942416
1999-01-01,10.657914181451872
1999-02-01,9.927974847360588
1999-03-01,9.250595996068967
1999-04-01,8.4004341178495
1999-05-01,6.979789771022922
1999-06-01,4.7516116381231654
1999-07-01,5.402166826248106
1999-08-01,6.833663071683759
1999-09-01,7.79481787309345
1999-10-01,10.248328958313493
1999-11-01,11.05402421636279
1999-12-01,12.22877875037932
2000-01-01,9.995503760739098
2000-02-01,9.521214225297285
2000-03-01,9.434473016591994
2000-04-01,9.670977638263935
2000-05-01,7.757400851191619
2000-06-01,4.740777849390554
2000-07-01,3.956264921559921
2000-08-01,6.462803564634555
2000-09-01,8.641972633228761
2000-10-01,10.716764211829286
2000-11-01,11.196673775450847
2000-12-01,10.987035312058993
2001-01-01,9.133161672789129
2001-02-01,9.475477811441976
2001-03-01,8.938852649765636
2001-04-01,8.837107689173479
2001-05-01,6.790604668625065
2001-06-01,5.671029018396723
2001-07-01,4.724005906700825
2001-08-01,6.640221479166996
2001-09-01,9.171964276692108
2001-10-01,10.681080396726998
2001-11-01,12.37024588013304
2001-12-01,10.412721110676216
2002-01-01,11.361598186520496
2002-02-01,10.194393858362389
2002-03-01,9.990794149821284
2002-04-01,9.23276793714706
2002-05-01,7.765812101133122
2002-06-01,6.237840228885943
2002-07-01,3.1234221379434643
2002-08-01,6.624325991330579
2002-09-01,9.123746047820418
2002-10-01,10.788766342007762
2002-11-01,12.16014757192903
2002-12-01,12.128143692162155
2003-01-01,11.274912968647243
2003-02-01,10.680175314012786
2003-03-01,9.7123752781402
2003-04-01,9.5040941543229
2003-05-01,7.836843277888931
2003-06-01,6.118603598905338
2003-07-01,5.585167138272766
2003-08-01,5.863325139131689
2003-09-01,8.174462129451229
2003-10-01,10.749998191358998
2003-11-01,11.801895001614866
2003-12-01,12.227565030540234
2004-01-01,9.995350833004068
2004-02-01,9.743900171952816
2004-03-01,10.356424406576423
2004-04-01,10.052772016329584
2004-05-01,6.125726796442564
2004-06-01,4.95201037240389
2004-07-01,4.856066158712963
2004-08-01,6.209958649166595
2004-09-01,9.508222623532447
2004-10-01,10.69081631174845
2004-11-01,12.231614098964599
2004-12-01,12.376559465242565
2005-01-01,10.68192491834401
2005-02-01,9.732067845640302
2005-03-01,10.374132125902918
2005-04-01,9.390437887117628
2005-05-01,7.602923964300089
2005-06-01,5.43721268969108
2005-07-01,5.768284131015662
2005-08-01,6.9424771125229086
2005-09-01,7.03004317878856
2005-10-01,9.778323457312808
2005-11-01,11.075438584398853
2005-12-01,11.391639950941396
2006-01-01,9.671523378488189
2006-02-01,10.115129372555316
2006-03-01,10.086595654454868
2006-04-01,8.967025565956249
2006-05-01,6.527783483206576
2006-06-01,5.436031209174246
2006-07-01,5.745569462311494
2006-08-01,7.14551382669498
2006-09-01,8.465407756856223
2006-10-01,10.995594758149366
2006-11-01,12.002844765220118
2006-12-01,12.344559277706935
2007-01-01,11.279007530996864
2007-02-01,11.210470826796325
2007-03-01,9.698896636696816
2007-04-01,9.838034584095965
2007-05-01,7.650375225994253
2007-06-01,7.207316763922677
2007-07-01,5.389536078946833
2007-08-01,7.9594362940726455
2007-09-01,8.975078515607379
2007-10-01,11.204856310609102
2007-11-01,10.688451254655718
2007-12-01,10.731334686733419
2008-01-01,9.986562745528033
2008-02-01,10.080164709831081
2008-03-01,9.600553795622204
2008-04-01,8.7991471170115
2008-05-01,6.493930185830379
2008-06-01,5.706703099961203
2008-07-01,5.593072324498451
2008-08-01,6.392511676582387
2008-09-01,8.67555385591396
2008-10-01,10.9474530908534
2008-11-01,12.224930367215848
2008-12-01,10.568067341454878
2009-01-01,9.949136128543046
2009-02-01,10.371400784686443
2009-03-01,9.14466044048612
2009-04-01,8.583068215732567
2009-05-01,7.132699471070623
2009-06-01,5.130835753826943
2009-07-01,5.36732592053113
2009-08-01,6.079677648609447
2009-09-01,9.543703219797237
2009-10-01,11.830829676884662
2009-11-01,13.038707470629504
2009-12-01,11.620831976108832
2010-01-01,11.012547710398223
2010-02-01,11.740470323170257
2010-03-01,11.33239399890465
2010-04-01,10.463126636454604
2010-05-01,7.468999242152449
2010-06-01,7.537256739733834
2010-07-01,5.664375825492527
2010-08-01,8.272954489601034
2010-09-01,9.626450723229027
2010-10-01,10.363294751448393
2010-11-01,11.654407587429091
2010-12-01,12.143431978383262
2011-01-01,10.841963889381361
2011-02-01,9.413477172996238
2011-03-01,9.30874751168102
2011-04-01,9.172049455396632
2011-05-01,7.624855102049537
2011-06-01,6.534087284731129
2011-07-01,5.224782414549509
2011-08-01,7.420290635490005
2011-09-01,8.822185614272769
2011-10-01,10.25824313968161
2011-11-01,11.820809821563557
2011-12-01,10.779056540905117
2012-01-01,9.424358921750525
2012-02-01,9.372922233906024
2012-03-01,8.921185219510221
2012-04-01,8.244358314479143
2012-05-01,6.853503612944053
2012-06-01,5.544809407114485
2012-07-01,5.960964576366223
2012-08-01,7.591571961417458
2012-09-01,10.095219231319447
2012-10-01,11.78723046704772
2012-11-01,12.073997894277568
2012-12-01,11.033354044300381
2013-01-01,9.95362810251703
2013-02-01,9.771342286529773
2013-03-01,10.162766108443805
2013-04-01,9.615628892920768
2013-05-01,8.311852252591223
2013-06-01,4.996678621322246
2013-07-01,6.131374488997153
2013-08-01,6.588210993250357
2013-09-01,8.56075871240904
2013-10-01,10.70016573963187
2013-11-01,12.125506312222626
2013-12-01,10.777505105918124
2014-01-01,9.623606386483402
2014-02-01,9.987596448022543
2014-03-01,10.169228351953052
2014-04-01,10.05869755713394
2014-05-01,7.203620223577786
2014-06-01,6.607198546237726
2014-07-01,5.565863146030665
2014-08-01,7.209635831978119
2014-09-01,9.245695927828422
2014-10-01,10.703997254957017
2014-11-01,12.16827343713544
2014-12-01,12.512792422218126
2015-01-01,9.549034639330955
2015-02-01,10.161437499183933
2015-03-01,9.804744784798686
2015-04-01,8.860393094478638
2015-05-01,6.596112135505962
2015-06-01,6.7411441682642135
2015-07-01,5.299327300622622
2015-08-01,7.05521216259433
2015-09-01,9.243884163370296
2015-10-01,10.996621907591248
2015-11-01,12.078961531357265
2015-12-01,13.051422649515018
2016-01-01,12.119257787589788
2016-02-01,11.352915090991132
2016-03-01,11.899022606400138
2016-04-01,10.514894651755355
2016-05-01,8.171212343774755
2016-06-01,5.99949149797078
2016-07-01,6.412987128041834
2016-08-01,7.476364117135745
2016-09-01,9.497464423519261
2016-10-01,10.659779844311117
2016-11-01,11.644571908948137
2016-12-01,12.16487675599609
2017-01-01,10.537429810220658
2017-02-01,11.56977504811266
2017-03-01,9.78769953008657
2017-04-01,9.200354954853708
2017-05-01,7.743670619755619
2017-06-01,5.805927906576301
2017-07-01,6.277256099352314
2017-08-01,7.560366700582165
2017-09-01,9.432701180217634
2017-10-01,11.045455412137187
2017-11-01,12.678443522710324
2017-12-01,11.524418985049408
2018-01-01,10.29544525249554
2018-02-01,9.54256557839858
2018-03-01,9.586722891463296
2018-04-01,9.46599401841047
2018-05-01,7.592646954381621
2018-06-01,5.976263017941392
2018-07-01,6.3133720629480194
2018-08-01,5.770547189338117
2018-09-01,9.081739467998034
2018-10-01,11.727437857773737
2018-11-01,12.811485373938126
2018-12-01,11.670488897668008
2019-01-01,10.72772684212066
2019-02-01,10.321465275310118
2019-03-01,10.728644744415874
2019-04-01,9.588928789856936
2019-05-01,8.044093390767728
2019-06-01,6.998728076846703
2019-07-01,5.920543484272969
2019-08-01,7.434718160571663
2019-09-01,9.557969149514292
2019-10-01,11.169704113738362
2019-11-01,11.96493055176228
2019-12-01,12.435916431795192
2020-01-01,11.135862416409793
2020-02-01,11.12141865544038
2020-03-01,10.237519510871948
2020-04-01,9.466827139642646
2020-05-01,8.38400359245793
2020-06-01,6.937516520246902
2020-07-01,5.926900740137
2020-08-01,8.05086922468439
2020-09-01,9.724660107499346
2020-10-01,11.05676909229976
2020-11-01,12.388955780899607
2020-12-01,12.123745468120092
2021-01-01,9.93703046338669
2021-02-01,10.938907689782354
2021-03-01,9.430071406563968
2021-04-01,8.871093570050846
2021-05-01,8.052949126689327
2021-06-01,5.372751207064027
2021-07-01,6.772943425205426
2021-08-01,6.896416080885274
2021-09-01,10.388966159179176
2021-10-01,11.61110498158007
2021-11-01,12.322491143936702
2021-12-01,9.75225612284845
2022-01-01,9.818024974322952
2022-02-01,9.666413566307426
2022-03-01,9.408769834899147
2022-04-01,8.717649068525589
2022-05-01,7.253393406508053
2022-06-01,4.996701076122406
2022-07-01,7.011924165235939
2022-08-01,6.807397274001858
2022-09-01,8.679088516281809
2022-10-01,9.583999271337689
2022-11-01,11.5045422740248
2022-12-01,11.260206590040866
2023-01-01,11.493325205707606
2023-02-01,10.055715411582355
2023-03-01,10.744423682671197
2023-04-01,9.836128423211392
2023-05-01,8.743392875816653
2023-06-01,5.949188434327482
2023-07-01,7.051004674907688
2023-08-01,7.689849692035466
2023-09-01,10.624752730316686
2023-10-01,12.777356420094748
2023-11-01,13.003661578177685
2023-12-01,12.575944757648585
2024-01-01,13.167707745808514
2024-02-01,10.810664345278326
2024-03-01,10.584100131907803
2024-04-01,11.490201675167725
2024-05-01,9.69665388912847
2024-06-01,7.652858820364031
2024-07-01,6.459874925916097
2024-08-01,7.92398204999057
2024-09-01,11.150205796240641
2024-10-01,12.357038067357848
2024-11-01,12.085925421833622
2024-12-01,12.818380978979746
2025-01-01,10.15426761232493
2025-02-01,10.167808053419094
2025-03-01,9.50257698418477
2025-04-01,8.471156616237693
2025-05-01,8.245733692086162
2025-06-01,5.805345425513451
2025-07-01,6.358365101304798
2025-08-01,6.6048977379997496
2025-09-01,9.455945460905525
2025-10-01,11.190894837666178
2025-11-01,12.233000733046651
2025-12-01,12.14523647129846
