valid_time,number,expver,pev,pev_mm
1950-01-01,0,0001,-0.005377881886151729,166.7143384707036
1950-02-01,0,0001,-0.005020411860661915,140.57153209853362
1950-03-01,0,0001,-0.0046277276530909016,143.45955724581793
1950-04-01,0,0001,-0.004300912330491923,129.02736991475768
1950-05-01,0,0001,-0.003623566395649332,112.33055826512928
1950-06-01,0,0001,-0.0029923287239086403,89.7698617172592
1950-07-01,0,0001,-0.003133552375732707,97.14012364771392
1950-08-01,0,0001,-0.0038871434106739987,120.50144573089395
1950-09-01,0,0001,-0.005069468052652419,152.08404157957256
1950-10-01,0,0001,-0.005383043948634822,166.8743624076795
1950-11-01,0,0001,-0.005307147399065658,159.21442197196976
1950-12-01,0,0001,-0.0053217235568063966,164.97343026099827
1951-01-01,0,0001,-0.005405982880559943,167.58546929735823
1951-02-01,0,0001,-0.004356237667692339,121.97465469538548
1951-03-01,0,0001,-0.004150328843977496,128.66019416330238
1951-04-01,0,0001,-0.0040837102281319326,122.51130684395797
1951-05-01,0,0001,-0.003480351134015354,107.89088515447598
1951-06-01,0,0001,-0.0030588935410048456,91.76680623014536
1951-07-01,0,0001,-0.0030027280601844348,93.08456986571747
1951-08-01,0,0001,-0.0037772871707987417,117.09590229476099
1951-09-01,0,0001,-0.0049934100782166,149.80230234649798
1951-10-01,0,0001,-0.006084882819669427,188.63136740975222
1951-11-01,0,0001,-0.005012043267035627,150.3612980110688
1951-12-01,0,0001,-0.005718604771925437,177.27674792968855
1952-01-01,0,0001,-0.005423876249753508,168.14016374235874
1952-02-01,0,0001,-0.004754388304418375,137.87726082813288
1952-03-01,0,0001,-0.004193260789715979,129.99108448119534
1952-04-01,0,0001,-0.004408952604748946,132.26857814246839
1952-05-01,0,0001,-0.0036217317071428,112.2736829214268
1952-06-01,0,0001,-0.0031016773480894797,93.0503204426844
1952-07-01,0,0001,-0.002803768740025129,86.91683094077901
1952-08-01,0,0001,-0.0038786684205399675,120.238721036739
1952-09-01,0,0001,-0.004827146318750914,144.8143895625274
1952-10-01,0,0001,-0.005930897331827012,183.85781728663738
1952-11-01,0,0001,-0.005719125993773461,171.57377981320386
1952-12-01,0,0001,-0.00480465210796145,148.94421534680495
1953-01-01,0,0001,-0.004787532221609578,148.4134988698969
1953-02-01,0,0001,-0.004852753753473276,135.87710509725173
1953-03-01,0,0001,-0.004163541616915801,129.06979012438984
1953-04-01,0,0001,-0.0042548789304962,127.64636791488601
1953-05-01,0,0001,-0.0037226529872220263,115.40224260388283
1953-06-01,0,0001,-0.0028751142997502973,86.25342899250892
1953-07-01,0,0001,-0.0032214361327543256,99.8645201153841
1953-08-01,0,0001,-0.0037979319161062022,117.73588939929228
1953-09-01,0,0001,-0.005241514748980853,157.2454424694256
1953-10-01,0,0001,-0.0060467142826302915,187.44814276153903
1953-11-01,0,0001,-0.006408301470626018,192.24904411878055
1953-12-01,0,0001,-0.004894666624147972,151.73466534858713
1954-01-01,0,0001,-0.0052257684449185165,161.99882179247402
1954-02-01,0,0001,-0.004438774822131552,124.28569501968344
1954-03-01,0,0001,-0.004379102788972736,135.75218645815482
1954-04-01,0,0001,-0.004289626253418808,128.68878760256425
1954-05-01,0,0001,-0.003706754102668529,114.9093771827244
1954-06-01,0,0001,-0.002905664271725279,87.16992815175838
1954-07-01,0,0001,-0.002773173720606755,85.96838533880941
1954-08-01,0,0001,-0.003692347187723294,114.46276281942211
1954-09-01,0,0001,-0.004970408318142057,149.11224954426172
1954-10-01,0,0001,-0.005616802592856605,174.12088037855474
1954-11-01,0,0001,-0.005876202443693997,176.28607331081992
1954-12-01,0,0001,-0.0048818887833221615,151.33855228298702
1955-01-01,0,0001,-0.004544589210562205,140.88226552742836
1955-02-01,0,0001,-0.004665149742818101,130.62419279890682
1955-03-01,0,0001,-0.004207956874979379,130.44666312436075
1955-04-01,0,0001,-0.004341457907719728,130.24373723159187
1955-05-01,0,0001,-0.00365143324236446,113.19443051329826
1955-06-01,0,0001,-0.003009448114392902,90.28344343178705
1955-07-01,0,0001,-0.00295635920097343,91.64713523017635
1955-08-01,0,0001,-0.0037648494014103674,116.71033144372139
1955-09-01,0,0001,-0.00499262522344817,149.77875670344508
1955-10-01,0,0001,-0.006209996826039701,192.50990160723072
1955-11-01,0,0001,-0.0065438861618997545,196.31658485699262
1955-12-01,0,0001,-0.00514114739205488,159.3755691537013
1956-01-01,0,0001,-0.004788047308518303,148.42946656406738
1956-02-01,0,0001,-0.005071434382926104,147.071597104857
1956-03-01,0,0001,-0.004673286939857305,144.87189513557647
1956-04-01,0,0001,-0.004523856417020656,135.71569251061968
1956-05-01,0,0001,-0.0036161154766010464,112.09957977463245
1956-06-01,0,0001,-0.0030718163823967273,92.15449147190182
1956-07-01,0,0001,-0.002878275742904782,89.22654803004825
1956-08-01,0,0001,-0.003861280338701115,119.69969049973456
1956-09-01,0,0001,-0.004975383387359026,149.2615016207708
1956-10-01,0,0001,-0.006059846712824937,187.85524809757302
1956-11-01,0,0001,-0.006193954133918358,185.81862401755072
1956-12-01,0,0001,-0.005671387237998605,175.81300437795676
1957-01-01,0,0001,-0.004465650621721556,138.43516927336825
1957-02-01,0,0001,-0.004577586055234922,128.17240954657782
1957-03-01,0,0001,-0.004337598883764598,134.46556539670254
1957-04-01,0,0001,-0.004153637496473485,124.60912489420454
1957-05-01,0,0001,-0.003608564843516104,111.86551014899923
1957-06-01,0,0001,-0.0034478587249058834,103.4357617471765
1957-07-01,0,0001,-0.0033300735539765897,103.23228017327428
1957-08-01,0,0001,-0.003881381226055426,120.3228180077182
1957-09-01,0,0001,-0.005353441839287692,160.60325517863075
1957-10-01,0,0001,-0.006305843095524464,195.48113596125842
1957-11-01,0,0001,-0.006746650556305481,202.39951668916441
1957-12-01,0,0001,-0.005923368875313331,183.62443513471328
1958-01-01,0,0001,-0.005012532075106548,155.38849432830298
1958-02-01,0,0001,-0.00484128240243828,135.55590726827185
1958-03-01,0,0001,-0.0049440627278230665,153.26594456251505
1958-04-01,0,0001,-0.004961293735027273,148.8388120508182
1958-05-01,0,0001,-0.00393882370880537,122.10353497296646
1958-06-01,0,0001,-0.0029720526678043454,89.16158003413037
1958-07-01,0,0001,-0.0031982603736446617,99.1460715829845
1958-08-01,0,0001,-0.003953201247259149,122.54923866503361
1958-09-01,0,0001,-0.005039629624345252,151.18888873035758
1958-10-01,0,0001,-0.0060245224567617795,186.76019615961516
1958-11-01,0,0001,-0.006070756179769664,182.1226853930899
1958-12-01,0,0001,-0.005977505753803932,185.30267836792189
1959-01-01,0,0001,-0.005415372770754524,167.87655589339028
1959-02-01,0,0001,-0.004533302244747906,126.93246285294138
1959-03-01,0,0001,-0.004466939702292158,138.47513077105688
1959-04-01,0,0001,-0.004614187916249904,138.4256374874971
1959-05-01,0,0001,-0.003692498152321826,114.46744272197661
1959-06-01,0,0001,-0.002845461830239695,85.36385490719084
1959-07-01,0,0001,-0.0030433322783595214,94.34330062914516
1959-08-01,0,0001,-0.003961297218838833,122.80021378400383
1959-09-01,0,0001,-0.0050395181645234615,151.18554493570386
1959-10-01,0,0001,-0.006219723041390608,192.81141428310886
1959-11-01,0,0001,-0.006333682570248536,190.01047710745607
1959-12-01,0,0001,-0.005221080169780119,161.8534852631837
1960-01-01,0,0001,-0.0046458406841101705,144.02106120741527
1960-02-01,0,0001,-0.005325172997315858,154.4300169221599
1960-03-01,0,0001,-0.00551206905390781,170.87414067114213
1960-04-01,0,0001,-0.004802630255218734,144.078907656562
1960-05-01,0,0001,-0.003681355737762227,114.12202787062904
1960-06-01,0,0001,-0.002974537707364814,89.23613122094443
1960-07-01,0,0001,-0.0032881516794148577,101.93270206186058
1960-08-01,0,0001,-0.004185318276964802,129.74486658590885
1960-09-01,0,0001,-0.004737423924065492,142.12271772196476
1960-10-01,0,0001,-0.005560785311792623,172.38434466557132
1960-11-01,0,0001,-0.00586711498155481,176.0134494466443
1960-12-01,0,0001,-0.005386649889921727,166.98614658757356
1961-01-01,0,0001,-0.005841843551546696,181.09715009794758
1961-02-01,0,0001,-0.005153810500771602,144.30669402160487
1961-03-01,0,0001,-0.005467385953438254,169.48896455658584
1961-04-01,0,0001,-0.005034567502989055,151.03702508967166
1961-05-01,0,0001,-0.003826533956864567,118.62255266280158
1961-06-01,0,0001,-0.0034064260165887687,102.19278049766307
1961-07-01,0,0001,-0.0031872216073365735,98.80386982743377
1961-08-01,0,0001,-0.0038337799601174225,118.84717876364009
1961-09-01,0,0001,-0.005153024873230076,154.59074619690227
1961-10-01,0,0001,-0.005887654990556197,182.51730470724212
1961-11-01,0,0001,-0.00638291034089618,191.4873102268854
1961-12-01,0,0001,-0.005163842521725048,160.07911817347647
1962-01-01,0,0001,-0.005259450035646605,163.04295110504478
1962-02-01,0,0001,-0.0050212244289322,140.5942840101016
1962-03-01,0,0001,-0.00431663489350219,133.8156816985679
1962-04-01,0,0001,-0.0041466056507904305,124.39816952371291
1962-05-01,0,0001,-0.003512163640433781,108.87707285344722
1962-06-01,0,0001,-0.0029321483066162327,87.96444919848697
1962-07-01,0,0001,-0.003131084943838272,97.06363325898643
1962-08-01,0,0001,-0.0038072216325253923,118.02387060828715
1962-09-01,0,0001,-0.0050329024896788,150.98707469036398
1962-10-01,0,0001,-0.005959291415432458,184.7380338784062
1962-11-01,0,0001,-0.006468384116524187,194.0515234957256
1962-12-01,0,0001,-0.005503770489226199,170.61688516601217
1963-01-01,0,0001,-0.0042013681499566986,130.24241264865765
1963-02-01,0,0001,-0.004427529165499264,123.9708166339794
1963-03-01,0,0001,-0.0045347401055385326,140.57694327169452
1963-04-01,0,0001,-0.003959788559314749,118.79365677944247
1963-05-01,0,0001,-0.0035909882778263702,111.32063661261748
1963-06-01,0,0001,-0.0031612831547000045,94.83849464100014
1963-07-01,0,0001,-0.003074416545523627,95.30691291123244
1963-08-01,0,0001,-0.003969672979733418,123.05986237173597
1963-09-01,0,0001,-0.005286007153347903,158.58021460043707
1963-10-01,0,0001,-0.0060419740067421965,187.3011942090081
1963-11-01,0,0001,-0.006677256082667312,200.31768248001936
1963-12-01,0,0001,-0.005139821744217591,159.33447407074533
1964-01-01,0,0001,-0.005827834641728118,180.66287389357166
1964-02-01,0,0001,-0.004987139830673651,144.62705508953587
1964-03-01,0,0001,-0.004640191984822537,143.84595152949865
1964-04-01,0,0001,-0.004844522038131487,145.3356611439446
1964-05-01,0,0001,-0.00357507367383254,110.82728388880874
1964-06-01,0,0001,-0.002865457998822865,85.96373996468596
1964-07-01,0,0001,-0.0030760462403686137,95.35743345142703
1964-08-01,0,0001,-0.0039316648275169895,121.88160965302667
1964-09-01,0,0001,-0.004860856023104256,145.82568069312768
1964-10-01,0,0001,-0.005970256111206662,185.07793944740652
1964-11-01,0,0001,-0.006362870387500996,190.88611162502988
1964-12-01,0,0001,-0.005833655974692305,180.84333521546148
1965-01-01,0,0001,-0.005413630637921334,167.82254977556136
1965-02-01,0,0001,-0.0051137741653696,143.18567663034878
1965-03-01,0,0001,-0.004618645846069755,143.17802122816244
1965-04-01,0,0001,-0.004546152332428421,136.38456997285263
1965-05-01,0,0001,-0.0037445476296330163,116.0809765186235
1965-06-01,0,0001,-0.0029155032025533017,87.46509607659905
1965-07-01,0,0001,-0.0031674666439168997,98.19146596142389
1965-08-01,0,0001,-0.00382605792642762,118.60779571925622
1965-09-01,0,0001,-0.004805817250413138,144.17451751239412
1965-10-01,0,0001,-0.006164409301199731,191.09668833719164
1965-11-01,0,0001,-0.006747201997845575,202.41605993536723
1965-12-01,0,0001,-0.00626959431131441,194.3574236507467
1966-01-01,0,0001,-0.0057987967546218365,179.76269939327693
1966-02-01,0,0001,-0.00587963141270178,164.62967955564983
1966-03-01,0,0001,-0.005419235866974604,167.99631187621273
1966-04-01,0,0001,-0.0049531829142184375,148.59548742655312
1966-05-01,0,0001,-0.003627977206238046,112.46729339337942
1966-06-01,0,0001,-0.0031974528579223034,95.9235857376691
1966-07-01,0,0001,-0.0030657794448528787,95.03916279043924
1966-08-01,0,0001,-0.004061622562864533,125.91029944880053
1966-09-01,0,0001,-0.005290805321361163,158.7241596408349
1966-10-01,0,0001,-0.005789002089678521,179.45906478003414
1966-11-01,0,0001,-0.006383099539163091,191.4929861748927
1966-12-01,0,0001,-0.0054952321846324275,170.35219772360523
1967-01-01,0,0001,-0.006194377155730613,192.025691827649
1967-02-01,0,0001,-0.004683207224973711,131.1298022992639
1967-03-01,0,0001,-0.004221110269971741,130.85441836912398
1967-04-01,0,0001,-0.004066584680484851,121.99754041454553
1967-05-01,0,0001,-0.0037189595349155754,115.28774558238284
1967-06-01,0,0001,-0.0026949085833496552,80.84725750048966
1967-07-01,0,0001,-0.003255441186508064,100.91867678174998
1967-08-01,0,0001,-0.004104304285667475,127.23343285569175
1967-09-01,0,0001,-0.0049430835709347275,148.29250712804182
1967-10-01,0,0001,-0.005773713812067062,178.9851281740789
1967-11-01,0,0001,-0.006454611479232157,193.63834437696474
1967-12-01,0,0001,-0.005263209417466002,163.15949194144608
1968-01-01,0,0001,-0.004945191394837241,153.30093323995447
1968-02-01,0,0001,-0.00425292192229024,123.33473574641694
1968-03-01,0,0001,-0.004641552676644558,143.8881329759813
1968-04-01,0,0001,-0.004004024464291927,120.12073392875782
1968-05-01,0,0001,-0.0031222006406836623,96.78821986119353
1968-06-01,0,0001,-0.002871869712826351,86.15609138479053
1968-07-01,0,0001,-0.003031246404055546,93.96863852572193
1968-08-01,0,0001,-0.003799885725170099,117.79645748027308
1968-09-01,0,0001,-0.005010296260872578,150.30888782617734
1968-10-01,0,0001,-0.006045348618394732,187.4058071702367
1968-11-01,0,0001,-0.005690257125357966,170.70771376073898
1968-12-01,0,0001,-0.005980092146875797,185.3828565531497
1969-01-01,0,0001,-0.004905162633063232,152.0600416249602
1969-02-01,0,0001,-0.004826892100552066,135.15297881545786
1969-03-01,0,0001,-0.004895810777678234,151.77013410802525
1969-04-01,0,0001,-0.004623904020247955,138.71712060743866
1969-05-01,0,0001,-0.0037852065060746632,117.34140168831456
1969-06-01,0,0001,-0.0031833537399744353,95.50061219923306
1969-07-01,0,0001,-0.0030141269707854913,93.43793609435023
1969-08-01,0,0001,-0.004154727168967561,128.7965422379944
1969-09-01,0,0001,-0.005279962470186316,158.39887410558947
1969-10-01,0,0001,-0.006019901139585,186.616935327135
1969-11-01,0,0001,-0.006509139666230166,195.274189986905
1969-12-01,0,0001,-0.005377052989066784,166.6886426610703
1970-01-01,0,0001,-0.004944862437371608,153.29073555851986
1970-02-01,0,0001,-0.004914233776752863,137.5985457490802
1970-03-01,0,0001,-0.0039324431801457975,121.90573858451972
1970-04-01,0,0001,-0.0043129190940408135,129.3875728212244
1970-05-01,0,0001,-0.0036002061584600627,111.60639091226194
1970-06-01,0,0001,-0.003421557911401816,102.64673734205448
1970-07-01,0,0001,-0.003257204039475193,100.973325223731
1970-08-01,0,0001,-0.004026514557467271,124.82195128148541
1970-09-01,0,0001,-0.004604012749597291,138.12038248791873
1970-10-01,0,0001,-0.005990882316514276,185.71735181194254
1970-11-01,0,0001,-0.006726732257077256,201.80196771231766
1970-12-01,0,0001,-0.005470447726764078,169.5838795296864
1971-01-01,0,0001,-0.0056785525887337145,176.03513025074517
1971-02-01,0,0001,-0.004832642624012204,135.3139934723417
1971-03-01,0,0001,-0.00490806644790762,152.15005988513622
1971-04-01,0,0001,-0.004537365447323518,136.12096341970556
1971-05-01,0,0001,-0.0037216637184507417,115.37157527197299
1971-06-01,0,0001,-0.003290625122108823,98.71875366326469
1971-07-01,0,0001,-0.0027097935178805243,84.00359905429626
1971-08-01,0,0001,-0.003913391581263346,121.31513901916372
1971-09-01,0,0001,-0.005337908002002579,160.13724006007737
1971-10-01,0,0001,-0.005728322332826432,177.5779923176194
1971-11-01,0,0001,-0.006098367204212282,182.95101612636847
1971-12-01,0,0001,-0.005977763430836497,185.3106663559314
1972-01-01,0,0001,-0.004684515357974931,145.21997609722288
1972-02-01,0,0001,-0.005291109714717703,153.4421817268134
1972-03-01,0,0001,-0.005037934111438678,156.175957454599
1972-04-01,0,0001,-0.004676663036875956,140.29989110627866
1972-05-01,0,0001,-0.003807110415984134,118.02042289550815
1972-06-01,0,0001,-0.002868499241210545,86.05497723631635
1972-07-01,0,0001,-0.003377177579456372,104.69250496314754
1972-08-01,0,0001,-0.004187124267303691,129.80085228641443
1972-09-01,0,0001,-0.004967749143828135,149.03247431484405
1972-10-01,0,0001,-0.0065041516696565825,201.62870175935404
1972-11-01,0,0001,-0.0067978656840870415,203.93597052261126
1972-12-01,0,0001,-0.005352973089576409,165.94216577686868
1973-01-01,0,0001,-0.005540596473261613,171.75849067111002
1973-02-01,0,0001,-0.004942979182929508,138.4034171220262
1973-03-01,0,0001,-0.004700655912819517,145.72033329740503
1973-04-01,0,0001,-0.004530876596364163,135.92629789092487
1973-05-01,0,0001,-0.0037344633455714173,115.76836371271395
1973-06-01,0,0001,-0.002529110283485041,75.87330850455123
1973-07-01,0,0001,-0.0031339262168871536,97.15171272350176
1973-08-01,0,0001,-0.003853435507035363,119.45650071809625
1973-09-01,0,0001,-0.004956315068830715,148.68945206492145
1973-10-01,0,0001,-0.006038165701781801,187.1831367552358
1973-11-01,0,0001,-0.00655049236932905,196.5147710798715
1973-12-01,0,0001,-0.005859014294569195,181.62944313164502
1974-01-01,0,0001,-0.004510712466379138,139.83208645775326
1974-02-01,0,0001,-0.00466733322543398,130.68533031215142
1974-03-01,0,0001,-0.00446453288174678,138.40051933415018
1974-04-01,0,0001,-0.004019299440693353,120.57898322080058
1974-05-01,0,0001,-0.0034913897355771987,108.23308180289317
1974-06-01,0,0001,-0.0031576836568354047,94.73050970506213
1974-07-01,0,0001,-0.002955844683740446,91.63118519595383
1974-08-01,0,0001,-0.003559099957783444,110.33209869128677
1974-09-01,0,0001,-0.005016481492454231,150.49444477362692
1974-10-01,0,0001,-0.006225769922750166,192.99886760525513
1974-11-01,0,0001,-0.006568964853127571,197.06894559382715
1974-12-01,0,0001,-0.0053060220941428945,164.48668491842975
1975-01-01,0,0001,-0.005005337050952573,155.16544857952977
1975-02-01,0,0001,-0.0046093330637515416,129.06132578504318
1975-03-01,0,0001,-0.004773609151951817,147.98188371050634
1975-04-01,0,0001,-0.004492464690382961,134.77394071148882
1975-05-01,0,0001,-0.0036761210285489,113.95975188501589
1975-06-01,0,0001,-0.0029140625502868103,87.42187650860431
1975-07-01,0,0001,-0.002984502273452232,92.5195704770192
1975-08-01,0,0001,-0.003948009802047324,122.38830386346706
1975-09-01,0,0001,-0.005171813854653814,155.1544156396144
1975-10-01,0,0001,-0.005908299628162694,183.15728847304354
1975-11-01,0,0001,-0.00679256879113929,203.7770637341787
1975-12-01,0,0001,-0.005353883258936213,165.9703810270226
1976-01-01,0,0001,-0.004646797757007332,144.0507304672273
1976-02-01,0,0001,-0.004877523455397935,141.4481802065401
1976-03-01,0,0001,-0.0042962318948104004,133.18318873912241
1976-04-01,0,0001,-0.004512801270121385,135.38403810364156
1976-05-01,0,0001,-0.003660940988434355,113.48917064146501
1976-06-01,0,0001,-0.0030346906567397824,91.04071970219347
1976-07-01,0,0001,-0.0032378703886595346,100.37398204844557
1976-08-01,0,0001,-0.0041160570217692845,127.59776767484782
1976-09-01,0,0001,-0.00461338038599603,138.4014115798809
1976-10-01,0,0001,-0.00633481484789624,196.3792602847834
1976-11-01,0,0001,-0.006481052647251879,194.43157941755638
1976-12-01,0,0001,-0.006162614167266189,191.04103918525186
1977-01-01,0,0001,-0.005614328995920953,174.04419887354956
1977-02-01,0,0001,-0.005546474108511526,155.30127503832273
1977-03-01,0,0001,-0.004433942631797755,137.45222158573043
1977-04-01,0,0001,-0.004627885951237431,138.8365785371229
1977-05-01,0,0001,-0.003349334130244908,103.82935803759214
1977-06-01,0,0001,-0.002833125314461028,84.99375943383085
1977-07-01,0,0001,-0.0032624299183827386,101.13532746986489
1977-08-01,0,0001,-0.004185514960097976,129.75096376303728
1977-09-01,0,0001,-0.004737030485573297,142.11091456719893
1977-10-01,0,0001,-0.005708882202058068,176.97534826380013
1977-11-01,0,0001,-0.005599002368212426,167.9700710463728
1977-12-01,0,0001,-0.005304316378198837,164.43380772416393
1978-01-01,0,0001,-0.004963838444718063,153.87899178625995
1978-02-01,0,0001,-0.0045603180849239314,127.68890637787008
1978-03-01,0,0001,-0.004478179218631178,138.82355577756653
1978-04-01,0,0001,-0.0040479841771332075,121.43952531399623
1978-05-01,0,0001,-0.0036984317990614644,114.6513857709054
1978-06-01,0,0001,-0.0031132641434266973,93.39792430280092
1978-07-01,0,0001,-0.0031020938988903734,96.16491086560157
1978-08-01,0,0001,-0.004081165503825181,126.5161306185806
1978-09-01,0,0001,-0.005014121174436872,150.42363523310615
1978-10-01,0,0001,-0.006113405463725082,189.51556937547755
1978-11-01,0,0001,-0.006078071382524698,182.34214147574093
1978-12-01,0,0001,-0.0050987092630313535,158.05998715397195
1979-01-01,0,0001,-0.004179411253535919,129.5617488596135
1979-02-01,0,0001,-0.005373930199309058,150.47004558065365
1979-03-01,0,0001,-0.004438648252497095,137.59809582740996
1979-04-01,0,0001,-0.004628659890077016,138.85979670231046
1979-05-01,0,0001,-0.0035634021196819334,110.46546571013994
1979-06-01,0,0001,-0.0032284691424909677,96.85407427472903
1979-07-01,0,0001,-0.003143440793440837,97.44666459666594
1979-08-01,0,0001,-0.0038313061969663265,118.77049210595612
1979-09-01,0,0001,-0.005204539180972895,156.13617542918684
1979-10-01,0,0001,-0.00626194961148061,194.12043795589892
1979-11-01,0,0001,-0.006827428386236258,204.82285158708774
1979-12-01,0,0001,-0.00545879827907532,169.22274665133492
1980-01-01,0,0001,-0.006103241514606542,189.2004869528028
1980-02-01,0,0001,-0.006206573398551024,179.99062855797968
1980-03-01,0,0001,-0.004411785665437843,136.76535562857313
1980-04-01,0,0001,-0.0050456989949832385,151.37096984949716
1980-05-01,0,0001,-0.003880043192383449,120.28133896388692
1980-06-01,0,0001,-0.00318719966957262,95.6159900871786
1980-07-01,0,0001,-0.003458564142655141,107.21548842230938
1980-08-01,0,0001,-0.003914955689952668,121.36362638853272
1980-09-01,0,0001,-0.005236977472000385,157.10932416001157
1980-10-01,0,0001,-0.005926894429879527,183.73372732626532
1980-11-01,0,0001,-0.006648910143189594,199.46730429568782
1980-12-01,0,0001,-0.006387682741459547,198.01816498524596
1981-01-01,0,0001,-0.005054209217558142,156.68048574430242
1981-02-01,0,0001,-0.004706874522809392,131.79248663866298
1981-03-01,0,0001,-0.004456734261149733,138.15876209564175
1981-04-01,0,0001,-0.004353011780955401,130.59035342866204
1981-05-01,0,0001,-0.0037046811662059848,114.84511615238553
1981-06-01,0,0001,-0.002978434396126435,89.35303188379305
1981-07-01,0,0001,-0.0029512924069596386,91.49006461574879
1981-08-01,0,0001,-0.003839205730780213,119.0153776541866
1981-09-01,0,0001,-0.004379124177826688,131.37372533480067
1981-10-01,0,0001,-0.006057324560136309,187.7770613642256
1981-11-01,0,0001,-0.006417746607966034,192.532398238981
1981-12-01,0,0001,-0.006048128480372335,187.49198289154236
1982-01-01,0,0001,-0.004797594618597787,148.7254331765314
1982-02-01,0,0001,-0.005076339419275595,142.13750373971666
1982-03-01,0,0001,-0.004466605531712526,138.4647714830883
1982-04-01,0,0001,-0.004199372515459558,125.98117546378673
1982-05-01,0,0001,-0.003650916474723075,113.17841071641533
1982-06-01,0,0001,-0.0032931137752426135,98.7934132572784
1982-07-01,0,0001,-0.00291685352264631,90.42245920203561
1982-08-01,0,0001,-0.003958965895763657,122.72794276867337
1982-09-01,0,0001,-0.004892826075335694,146.7847822600708
1982-10-01,0,0001,-0.005798902789376548,179.765986470673
1982-11-01,0,0001,-0.006168543965344688,185.05631896034063
1982-12-01,0,0001,-0.00633168143816649,196.2821245831612
1983-01-01,0,0001,-0.0064604052500603715,200.27256275187153
1983-02-01,0,0001,-0.005554524305307336,155.5266805486054
1983-03-01,0,0001,-0.006235516833009621,193.30102182329824
1983-04-01,0,0001,-0.005152515109769896,154.57545329309687
1983-05-01,0,0001,-0.004387955801316043,136.02662984079734
1983-06-01,0,0001,-0.0036288395330835083,108.86518599250525
1983-07-01,0,0001,-0.003765010963184484,116.715339858719
1983-08-01,0,0001,-0.004054786236275102,125.69837332452816
1983-09-01,0,0001,-0.004750809182351989,142.52427547055967
1983-10-01,0,0001,-0.006037945577971292,187.17631291711004
1983-11-01,0,0001,-0.00657171188819975,197.1513566459925
1983-12-01,0,0001,-0.0057122604309330985,177.08007335892606
1984-01-01,0,0001,-0.004263911355013134,132.18125200540715
1984-02-01,0,0001,-0.004431314799487117,128.5081291851264
1984-03-01,0,0001,-0.004088500037451087,126.74350116098368
1984-04-01,0,0001,-0.004235838283725184,127.07514851175553
1984-05-01,0,0001,-0.0037850439111497824,117.33636124564326
1984-06-01,0,0001,-0.003220931959346214,96.62795878038641
1984-07-01,0,0001,-0.0031469619151220725,97.55581936878424
1984-08-01,0,0001,-0.003626415843555412,112.41889115021777
1984-09-01,0,0001,-0.0048949049913622426,146.84714974086728
1984-10-01,0,0001,-0.005402328025676631,167.47216879597553
1984-11-01,0,0001,-0.004919464003209836,147.5839200962951
1984-12-01,0,0001,-0.005457863662959242,169.19377355173648
1985-01-01,0,0001,-0.004591867936337192,142.34790602645296
1985-02-01,0,0001,-0.00483668443314409,135.42716412803452
1985-03-01,0,0001,-0.004457830096654922,138.19273299630257
1985-04-01,0,0001,-0.003525879527457727,105.7763858237318
1985-05-01,0,0001,-0.0033023132618883676,102.3717111185394
1985-06-01,0,0001,-0.0028934258161824747,86.80277448547425
1985-07-01,0,0001,-0.003291049247034646,102.02252665807403
1985-08-01,0,0001,-0.004206784055960571,130.41030573477772
1985-09-01,0,0001,-0.004964508385306401,148.935251559192
1985-10-01,0,0001,-0.0060397176420202755,187.23124690262856
1985-11-01,0,0001,-0.004926578966663482,147.79736899990445
1985-12-01,0,0001,-0.004571514364044458,141.71694528537822
1986-01-01,0,0001,-0.004784634035237192,148.32365509235296
1986-02-01,0,0001,-0.0045688020256500145,127.92645671820041
1986-03-01,0,0001,-0.004183390002749465,129.6850900852334
1986-04-01,0,0001,-0.004127739801798097,123.8321940539429
1986-05-01,0,0001,-0.0036309095607610503,112.55819638359256
1986-06-01,0,0001,-0.0028927961891702663,86.78388567510798
1986-07-01,0,0001,-0.0029902326582419876,92.69721240550162
1986-08-01,0,0001,-0.004044321695844403,125.3739725711765
1986-09-01,0,0001,-0.0051861415009418835,155.58424502825653
1986-10-01,0,0001,-0.006059017681920361,187.8295481395312
1986-11-01,0,0001,-0.00644501568807935,193.3504706423805
1986-12-01,0,0001,-0.004791871788234013,148.5480254352544
1987-01-01,0,0001,-0.004554221216406823,141.18085770861148
1987-02-01,0,0001,-0.005837083995721365,163.4383518801982
1987-03-01,0,0001,-0.004712745394541538,146.0951072307877
1987-04-01,0,0001,-0.004500133693928825,135.00401081786475
1987-05-01,0,0001,-0.004256359951268943,131.94715848933726
1987-06-01,0,0001,-0.0028815355482806402,86.4460664484192
1987-07-01,0,0001,-0.0034985241788918807,108.45424954564831
1987-08-01,0,0001,-0.0039411190807214554,122.17469150236512
1987-09-01,0,0001,-0.005192575962596391,155.77727887789172
1987-10-01,0,0001,-0.0056817155895325,176.13318327550746
1987-11-01,0,0001,-0.005967655752295141,179.0296725688542
1987-12-01,0,0001,-0.0066349325135760355,205.6829079208571
1988-01-01,0,0001,-0.00499265043821956,154.77216358480635
1988-02-01,0,0001,-0.0053841753918933595,156.1410863649074
1988-03-01,0,0001,-0.0040685021763529425,126.12356746694122
1988-04-01,0,0001,-0.0037639902658614744,112.91970797584423
1988-05-01,0,0001,-0.003758799734599632,116.52279177258859
1988-06-01,0,0001,-0.0029825844455083593,89.47753336525078
1988-07-01,0,0001,-0.0033686955312842632,104.42956146981217
1988-08-01,0,0001,-0.004042123812299919,125.30583818129747
1988-09-01,0,0001,-0.0051917183663841475,155.75155099152443
1988-10-01,0,0001,-0.006102670745368592,189.18279310642632
1988-11-01,0,0001,-0.006411455510644043,192.34366531932127
1988-12-01,0,0001,-0.005760408569629331,178.57266565850927
1989-01-01,0,0001,-0.005312110305907243,164.67541948312453
1989-02-01,0,0001,-0.004985673708336892,139.59886383343297
1989-03-01,0,0001,-0.00430432572931636,133.43409760880718
1989-04-01,0,0001,-0.0037577862402082053,112.73358720624616
1989-05-01,0,0001,-0.0034682929062970014,107.51708009520704
1989-06-01,0,0001,-0.0031114377006861266,93.3431310205838
1989-07-01,0,0001,-0.0032458360219083356,100.6209166791584
1989-08-01,0,0001,-0.004030114765500239,124.93355773050742
1989-09-01,0,0001,-0.0054236618054070785,162.70985416221234
1989-10-01,0,0001,-0.006290571651587424,195.00772119921015
1989-11-01,0,0001,-0.006591472370548204,197.74417111644613
1989-12-01,0,0001,-0.0057033888657626085,176.80505483864087
1990-01-01,0,0001,-0.004976010895390998,154.25633775712095
1990-02-01,0,0001,-0.005231781787366448,146.48989004626054
1990-03-01,0,0001,-0.0057035834616399085,176.81108731083717
1990-04-01,0,0001,-0.004684185845503384,140.52557536510153
1990-05-01,0,0001,-0.003945266094212563,122.30324892058947
1990-06-01,0,0001,-0.003111662849041474,93.34988547124422
1990-07-01,0,0001,-0.003288286702680274,101.93688778308848
1990-08-01,0,0001,-0.00396813093421546,123.01205896067925
1990-09-01,0,0001,-0.005071385279030853,152.1415583709256
1990-10-01,0,0001,-0.005644696107600178,174.9855793356055
1990-11-01,0,0001,-0.005679147646022051,170.37442938066152
1990-12-01,0,0001,-0.005115211655427979,158.57156131826736
1991-01-01,0,0001,-0.00485200130864817,150.4120405680933
1991-02-01,0,0001,-0.005383189165123545,150.72929662345928
1991-03-01,0,0001,-0.004681129748762765,145.11502221164574
1991-04-01,0,0001,-0.004640193506454382,139.20580519363145
1991-05-01,0,0001,-0.0038639705436848857,119.78308685423146
1991-06-01,0,0001,-0.003364245888307248,100.92737664921744
1991-07-01,0,0001,-0.0030711971828735105,95.20711266907882
1991-08-01,0,0001,-0.004339862600792682,134.53574062457312
1991-09-01,0,0001,-0.005264883076605505,157.94649229816514
1991-10-01,0,0001,-0.005958841504738846,184.7240866469042
1991-11-01,0,0001,-0.0061202666795728885,183.60800038718668
1991-12-01,0,0001,-0.006150379423859447,190.66176213964283
1992-01-01,0,0001,-0.0048090887270168655,149.08175053752285
1992-02-01,0,0001,-0.005078223971823135,147.2684951828709
1992-03-01,0,0001,-0.005451259130050345,168.9890330315607
1992-04-01,0,0001,-0.005174550827272093,155.23652481816276
1992-05-01,0,0001,-0.004230114451144622,131.13354798548326
1992-06-01,0,0001,-0.0029453255282678,88.359765848034
1992-07-01,0,0001,-0.0031395182190132338,97.32506478941025
1992-08-01,0,0001,-0.00396217136812769,122.82731241195839
1992-09-01,0,0001,-0.00503025626148546,150.9076878445638
1992-10-01,0,0001,-0.005776839513393655,179.08202491520328
1992-11-01,0,0001,-0.005975204866412271,179.25614599236815
1992-12-01,0,0001,-0.006391418595512292,198.13397646088106
1993-01-01,0,0001,-0.004545012738579431,140.89539489596237
1993-02-01,0,0001,-0.005592403048745438,156.58728536487226
1993-03-01,0,0001,-0.004414930924826101,136.86285866960915
1993-04-01,0,0001,-0.0041563423319815,124.690269959445
1993-05-01,0,0001,-0.003857546929232642,119.5839548062119
1993-06-01,0,0001,-0.0029031566500916208,87.09469950274863
1993-07-01,0,0001,-0.0033213070987493615,102.9605200612302
1993-08-01,0,0001,-0.0035899612407788964,111.28879846414578
1993-09-01,0,0001,-0.005166234749774558,154.98704249323674
1993-10-01,0,0001,-0.005690428171470323,176.40327331558
1993-11-01,0,0001,-0.005753960339229312,172.61881017687935
1993-12-01,0,0001,-0.004884334226263993,151.41436101418378
1994-01-01,0,0001,-0.004837441773488911,149.96069497815625
1994-02-01,0,0001,-0.004795352399876754,134.26986719654911
1994-03-01,0,0001,-0.0049508087216201925,153.47507037022598
1994-04-01,0,0001,-0.004412228543082024,132.3668562924607
1994-05-01,0,0001,-0.0037851082981247932,117.33835724186858
1994-06-01,0,0001,-0.0031696652364777245,95.08995709433174
1994-07-01,0,0001,-0.003350065304670658,103.85202444479039
1994-08-01,0,0001,-0.004311284462483874,133.64981833700008
1994-09-01,0,0001,-0.005230263111298534,156.90789333895603
1994-10-01,0,0001,-0.006266653646571455,194.2662630437151
1994-11-01,0,0001,-0.006422812824859334,192.68438474578
1994-12-01,0,0001,-0.005724873152440286,177.47106772564888
1995-01-01,0,0001,-0.005127881819984101,158.96433641950713
1995-02-01,0,0001,-0.006028915285188646,168.8096279852821
1995-03-01,0,0001,-0.004637206134957018,143.75339018366756
1995-04-01,0,0001,-0.004888342099078654,146.6502629723596
1995-05-01,0,0001,-0.003942491676796965,122.21724198070591
1995-06-01,0,0001,-0.00316678713230469,95.0036139691407
1995-07-01,0,0001,-0.0032915283057091097,102.0373774769824
1995-08-01,0,0001,-0.0041859607345949455,129.7647827724433
1995-09-01,0,0001,-0.005376900329966657,161.3070098989997
1995-10-01,0,0001,-0.006315463512669097,195.779368892742
1995-11-01,0,0001,-0.0069500167700320675,208.50050310096202
1995-12-01,0,0001,-0.006138869203025613,190.304945293794
1996-01-01,0,0001,-0.005434066065707104,168.45604803692024
1996-02-01,0,0001,-0.0052362544440509645,151.85137887747797
1996-03-01,0,0001,-0.005159808249078597,159.9540557214365
1996-04-01,0,0001,-0.004717322536609944,141.51967609829833
1996-05-01,0,0001,-0.003957297709043902,122.67622898036096
1996-06-01,0,0001,-0.003209368655645857,96.28105966937571
1996-07-01,0,0001,-0.003135161932473632,97.1900199066826
1996-08-01,0,0001,-0.00402593553409232,124.80400155686193
1996-09-01,0,0001,-0.0050788444412036724,152.3653332361102
1996-10-01,0,0001,-0.006275648657022234,194.54510836768927
1996-11-01,0,0001,-0.006152201655366207,184.5660496609862
1996-12-01,0,0001,-0.005399590871676172,167.38731702196134
1997-01-01,0,0001,-0.004607500356627055,142.83251105543872
1997-02-01,0,0001,-0.004881277046172219,136.6757572928221
1997-03-01,0,0001,-0.004614301072340691,143.0433332425614
1997-04-01,0,0001,-0.004269726891791032,128.09180675373096
1997-05-01,0,0001,-0.004024104975463274,124.7472542393615
1997-06-01,0,0001,-0.0034099961615640596,102.29988484692178
1997-07-01,0,0001,-0.003430995312234654,106.36085467927428
1997-08-01,0,0001,-0.0038621949181365015,119.72804246223156
1997-09-01,0,0001,-0.004993991525437444,149.8197457631233
1997-10-01,0,0001,-0.006599162278764252,204.5740306416918
1997-11-01,0,0001,-0.006864833195562,205.94499586685998
1997-12-01,0,0001,-0.007221869787621901,223.87796341627893
1998-01-01,0,0001,-0.006339755336353151,196.5324154269477
1998-02-01,0,0001,-0.00582080595269762,162.98256667553335
1998-03-01,0,0001,-0.006024056315535351,186.7457457815959
1998-04-01,0,0001,-0.00512616187838228,153.78485635146842
1998-05-01,0,0001,-0.004398155149927131,136.34280964774106
1998-06-01,0,0001,-0.0030553607405346592,91.66082221603978
1998-07-01,0,0001,-0.0033952373434657126,105.2523576474371
1998-08-01,0,0001,-0.0043909374025024326,136.1190594775754
1998-09-01,0,0001,-0.005629146539238444,168.8743961771533
1998-10-01,0,0001,-0.0061679759027389505,191.20725298490746
1998-11-01,0,0001,-0.00618754200168588,185.6262600505764
1998-12-01,0,0001,-0.006659848867890139,206.4553149045943
1999-01-01,0,0001,-0.00599960525492366,185.98776290263348
1999-02-01,0,0001,-0.004609630797849382,129.0696623397827
1999-03-01,0,0001,-0.0041988678305947946,130.16490274843864
1999-04-01,0,0001,-0.004312723577386267,129.381707321588
1999-05-01,0,0001,-0.003896575113315326,120.79382851277511
1999-06-01,0,0001,-0.0032013230387004294,96.03969116101288
1999-07-01,0,0001,-0.0034207823596511533,106.04425314918575
1999-08-01,0,0001,-0.004079027087311544,126.44983970665788
1999-09-01,0,0001,-0.004748851456814065,142.46554370442195
1999-10-01,0,0001,-0.006092298905124944,188.86126605887327
1999-11-01,0,0001,-0.006863133858583422,205.89401575750264
1999-12-01,0,0001,-0.0066456992047115235,206.0166753460572
2000-01-01,0,0001,-0.004966357756238186,153.95709044338378
2000-02-01,0,0001,-0.004943009965288665,143.34728899337128
2000-03-01,0,0001,-0.00456555652354335,141.53225222984386
2000-04-01,0,0001,-0.004875562279868725,146.26686839606177
2000-05-01,0,0001,-0.0038959576040969632,120.77468572700586
2000-06-01,0,0001,-0.0033218355446260005,99.65506633878002
2000-07-01,0,0001,-0.003344943585602213,103.69325115366861
2000-08-01,0,0001,-0.0040753817580913045,126.33683450083043
2000-09-01,0,0001,-0.005401566667557329,162.04700002671987
2000-10-01,0,0001,-0.006075352426568232,188.3359252236152
2000-11-01,0,0001,-0.006843509213300531,205.30527639901595
2000-12-01,0,0001,-0.006044271651897561,187.3724212088244
2001-01-01,0,0001,-0.00428634781824746,132.87678236567123
2001-02-01,0,0001,-0.004537043641836519,127.03722197142253
2001-03-01,0,0001,-0.004415647948992143,136.88508641875643
2001-04-01,0,0001,-0.0046245887084900225,138.73766125470067
2001-05-01,0,0001,-0.003876638080192297,120.17578048596121
2001-06-01,0,0001,-0.0033772611914913123,101.31783574473937
2001-07-01,0,0001,-0.0030267818250338425,93.83023657604912
2001-08-01,0,0001,-0.0039052870599729193,121.0638988591605
2001-09-01,0,0001,-0.005425489979811996,162.76469939435987
2001-10-01,0,0001,-0.006114983627935414,189.56449246599783
2001-11-01,0,0001,-0.0067920568464336865,203.76170539301057
2001-12-01,0,0001,-0.005928150752021013,183.7726733126514
2002-01-01,0,0001,-0.006312218755527126,195.67878142134091
2002-02-01,0,0001,-0.004841068210179851,135.54990988503585
2002-03-01,0,0001,-0.004515063927186238,139.96698174277338
2002-04-01,0,0001,-0.0043152738058259855,129.45821417477956
2002-05-01,0,0001,-0.0040672898381412725,126.08598498237944
2002-06-01,0,0001,-0.0033492857667218085,100.47857300165425
2002-07-01,0,0001,-0.002862009250065096,88.72228675201798
2002-08-01,0,0001,-0.004099625077730044,127.08837740963136
2002-09-01,0,0001,-0.005415137440165479,162.4541232049644
2002-10-01,0,0001,-0.0056968541653156166,176.6024791247841
2002-11-01,0,0001,-0.006560752796745192,196.82258390235577
2002-12-01,0,0001,-0.0066176162259977845,205.1461030059313
2003-01-01,0,0001,-0.005659990546795181,175.45970695065063
2003-02-01,0,0001,-0.00511459875612908,143.20876517161423
2003-03-01,0,0001,-0.0045122281396368326,139.8790723287418
2003-04-01,0,0001,-0.004811457041107225,144.34371123321677
2003-05-01,0,0001,-0.003978082424140836,123.32055514836591
2003-06-01,0,0001,-0.003036943133512242,91.10829400536726
2003-07-01,0,0001,-0.003363647345535026,104.2730677115858
2003-08-01,0,0001,-0.0038251428228358872,118.5794275079125
2003-09-01,0,0001,-0.005269044928713865,158.07134786141594
2003-10-01,0,0001,-0.006216223796702929,192.70293769779082
2003-11-01,0,0001,-0.0068443378033041635,205.3301340991249
2003-12-01,0,0001,-0.006286142980435667,194.8704323935057
2004-01-01,0,0001,-0.004651372594501791,144.1925504295555
2004-02-01,0,0001,-0.004917394830679485,142.60445008970504
2004-03-01,0,0001,-0.004948820286303253,153.41342887540085
2004-04-01,0,0001,-0.004822630683452587,144.67892050357761
2004-05-01,0,0001,-0.00424997972371391,131.74937143513122
2004-06-01,0,0001,-0.0031288261395301356,93.86478418590406
2004-07-01,0,0001,-0.0031399675032233345,97.33899259992337
2004-08-01,0,0001,-0.0036786560795980744,114.0383384675403
2004-09-01,0,0001,-0.00518771562097113,155.6314686291339
2004-10-01,0,0001,-0.0065257220703771315,202.2973841816911
2004-11-01,0,0001,-0.0067945700328981016,203.83710098694306
2004-12-01,0,0001,-0.006529117235435658,202.4026342985054
2005-01-01,0,0001,-0.005209997152227945,161.50991171906628
2005-02-01,0,0001,-0.004802443366526378,134.46841426273858
2005-03-01,0,0001,-0.005002779145645907,155.08615351502314
2005-04-01,0,0001,-0.004704448608959777,141.1334582687933
2005-05-01,0,0001,-0.004014677612027113,124.45500597284051
2005-06-01,0,0001,-0.0031754592465632592,95.26377739689777
2005-07-01,0,0001,-0.0035735699395315563,110.78066812547824
2005-08-01,0,0001,-0.004115807529386236,127.59003341097333
2005-09-01,0,0001,-0.005006896567639389,150.20689702918168
2005-10-01,0,0001,-0.0059206523333259695,183.54022233310505
2005-11-01,0,0001,-0.006144714862163324,184.34144586489973
2005-12-01,0,0001,-0.005911657005678405,183.26136717603052
2006-01-01,0,0001,-0.004771516954771759,147.91702559792452
2006-02-01,0,0001,-0.005301639508693606,148.44590624342098
2006-03-01,0,0001,-0.0043693567230887725,135.45005841575195
2006-04-01,0,0001,-0.004226097808443202,126.78293425329606
2006-05-01,0,0001,-0.0036125237236163113,111.98823543210565
2006-06-01,0,0001,-0.0030288053449246894,90.86416034774068
2006-07-01,0,0001,-0.0031042980881057403,96.23324073127796
2006-08-01,0,0001,-0.004192607048151047,129.97081849268244
2006-09-01,0,0001,-0.005093612720362008,152.80838161086024
2006-10-01,0,0001,-0.006092219639589317,188.85880882726883
2006-11-01,0,0001,-0.00641007545498198,192.3022636494594
2006-12-01,0,0001,-0.006390811672747994,198.1151618551878
2007-01-01,0,0001,-0.0055631480270487066,172.4575888385099
2007-02-01,0,0001,-0.006100067433950952,170.80188815062667
2007-03-01,0,0001,-0.00446040296508383,138.27249191759876
2007-04-01,0,0001,-0.004606578162206604,138.1973448661981
2007-05-01,0,0001,-0.004419370335992156,137.0004804157568
2007-06-01,0,0001,-0.0033546979812356472,100.64093943706942
2007-07-01,0,0001,-0.003521139041627305,109.15531029044645
2007-08-01,0,0001,-0.004616089830802393,143.0987847548742
2007-09-01,0,0001,-0.005116245184816072,153.48735554448217
2007-10-01,0,0001,-0.006194213669641256,192.02062375887894
2007-11-01,0,0001,-0.00638809465046466,191.64283951393978
2007-12-01,0,0001,-0.005965209649349035,184.92149912982006
2008-01-01,0,0001,-0.004712451375217766,146.08599263175077
2008-02-01,0,0001,-0.005628933934303416,163.23908409479907
2008-03-01,0,0001,-0.004839219117940962,150.01579265616982
2008-04-01,0,0001,-0.004836447816434882,145.09343449304646
2008-05-01,0,0001,-0.0038538218503927214,119.46847736217437
2008-06-01,0,0001,-0.0032469133531046637,97.40740059313991
2008-07-01,0,0001,-0.003173756813275218,98.38646121153174
2008-08-01,0,0001,-0.003902544520504383,120.97888013563588
2008-09-01,0,0001,-0.005280795462102593,158.42386386307777
2008-10-01,0,0001,-0.006270999240604385,194.40097645873593
2008-11-01,0,0001,-0.0068227852701377295,204.6835581041319
2008-12-01,0,0001,-0.0055194018507022154,171.10145737176867
2009-01-01,0,0001,-0.005393071799983498,167.18522579948845
2009-02-01,0,0001,-0.005108821658460017,143.04700643688048
2009-03-01,0,0001,-0.004700606349111593,145.71879682245938
2009-04-01,0,0001,-0.004348744080836935,130.46232242510806
2009-05-01,0,0001,-0.003956833206326758,122.66182939612949
2009-06-01,0,0001,-0.003060321342306988,91.80964026920964
2009-07-01,0,0001,-0.0035975647162763444,111.52450620456668
2009-08-01,0,0001,-0.004001664179517879,124.05158956505426
2009-09-01,0,0001,-0.005727263281474098,171.81789844422292
2009-10-01,0,0001,-0.006509467900749756,201.79350492324244
2009-11-01,0,0001,-0.006537908245163763,196.1372473549129
2009-12-01,0,0001,-0.0058767552578092895,182.17941299208798
2010-01-01,0,0001,-0.005134070680480483,159.15619109489495
2010-02-01,0,0001,-0.005333334466793828,149.3333650702272
2010-03-01,0,0001,-0.005530394836700931,171.44223993772886
2010-04-01,0,0001,-0.004889044500911376,146.67133502734129
2010-05-01,0,0001,-0.004043913173402637,125.36130837548176
2010-06-01,0,0001,-0.0035334227785932546,106.00268335779764
2010-07-01,0,0001,-0.0037807803510500246,117.20419088255076
2010-08-01,0,0001,-0.004335140533563893,134.38935654048066
2010-09-01,0,0001,-0.00557591743648183,167.2775230944549
2010-10-01,0,0001,-0.006348396809468094,196.80030109351094
2010-11-01,0,0001,-0.006905363881861536,207.1609164558461
2010-12-01,0,0001,-0.0059366096194652575,184.03489820342298
2011-01-01,0,0001,-0.005658696006146868,175.4195761905529
2011-02-01,0,0001,-0.004379780735219156,122.63386058613638
2011-03-01,0,0001,-0.004324324741601461,134.0540669896453
2011-04-01,0,0001,-0.0045432941688028795,136.2988250640864
2011-05-01,0,0001,-0.0037897037566373324,117.4808164557573
2011-06-01,0,0001,-0.003633979644721694,109.01938934165081
2011-07-01,0,0001,-0.003493516670288205,108.29901677893436
2011-08-01,0,0001,-0.004316792149850426,133.8205566453632
2011-09-01,0,0001,-0.005174121441024311,155.22364323072935
2011-10-01,0,0001,-0.006288389112532683,194.94006248851318
2011-11-01,0,0001,-0.006461513837904249,193.84541513712747
2011-12-01,0,0001,-0.0056113741321448755,173.95259809649113
2012-01-01,0,0001,-0.005012806561583999,155.39700340910395
2012-02-01,0,0001,-0.004710969025184033,136.61810173033697
2012-03-01,0,0001,-0.004321032254738574,133.95199989689579
2012-04-01,0,0001,-0.004008116925741448,120.24350777224343
2012-05-01,0,0001,-0.0037122625627143404,115.08013944414455
2012-06-01,0,0001,-0.003180438490883403,95.4131547265021
2012-07-01,0,0001,-0.0034002147296903398,105.40665662040054
2012-08-01,0,0001,-0.004317155330498796,133.8318152454627
2012-09-01,0,0001,-0.005596832467139437,167.90497401418313
2012-10-01,0,0001,-0.006415516331730387,198.881006283642
2012-11-01,0,0001,-0.0064242473749093814,192.72742124728146
2012-12-01,0,0001,-0.005294330411436049,164.12424275451752
2013-01-01,0,0001,-0.004919652110418985,152.50921542298855
2013-02-01,0,0001,-0.0045591484706869025,127.65615717923326
2013-03-01,0,0001,-0.005295212055965388,164.15157373492704
2013-04-01,0,0001,-0.005100163554450468,153.00490663351405
2013-05-01,0,0001,-0.004000156416048743,124.00484889751102
2013-06-01,0,0001,-0.003117269749249805,93.51809247749415
2013-07-01,0,0001,-0.003499888567725506,108.49654559949067
2013-08-01,0,0001,-0.003961282441925482,122.79975569968995
2013-09-01,0,0001,-0.005427019210076179,162.81057630228534
2013-10-01,0,0001,-0.006103011937526823,189.1933700633315
2013-11-01,0,0001,-0.006786277925859396,203.5883377757819
2013-12-01,0,0001,-0.005238344785216609,162.38868834171487
2014-01-01,0,0001,-0.004450235083017835,137.9572875735529
2014-02-01,0,0001,-0.005040767614167904,141.1414931967013
2014-03-01,0,0001,-0.0054993998107638,170.4813941336778
2014-04-01,0,0001,-0.004911701780454199,147.35105341362598
2014-05-01,0,0001,-0.004106630137761908,127.30553427061913
2014-06-01,0,0001,-0.003559121800736866,106.77365402210597
2014-07-01,0,0001,-0.003520671005935505,109.14080118400065
2014-08-01,0,0001,-0.004016445189794725,124.50980088363646
2014-09-01,0,0001,-0.005086457978134349,152.59373934403044
2014-10-01,0,0001,-0.005921697241166992,183.57261447617677
2014-11-01,0,0001,-0.0067739450155570955,203.21835046671285
2014-12-01,0,0001,-0.006532108671203313,202.4953688073027
2015-01-01,0,0001,-0.004822394035837066,149.49421511094903
2015-02-01,0,0001,-0.005053957613651339,141.5108131822375
2015-03-01,0,0001,-0.004622989030114902,143.31265993356195
2015-04-01,0,0001,-0.0038735543776303306,116.20663132890992
2015-05-01,0,0001,-0.003701725627065564,114.75349443903248
2015-06-01,0,0001,-0.0030766059803327543,92.29817940998262
2015-07-01,0,0001,-0.003322160747343694,102.98698316765451
2015-08-01,0,0001,-0.0041960124890855705,130.0763871616527
2015-09-01,0,0001,-0.005434318770388002,163.02956311164007
2015-10-01,0,0001,-0.0063156791109896995,195.78605244068066
2015-11-01,0,0001,-0.006737349905992892,202.12049717978675
2015-12-01,0,0001,-0.006978196934013732,216.3241049544257
2016-01-01,0,0001,-0.0060248062480297735,186.76899368892296
2016-02-01,0,0001,-0.004970323779049883,144.13938959244663
2016-03-01,0,0001,-0.005831210923998547,180.76753864395496
2016-04-01,0,0001,-0.0049834246727188366,149.5027401815651
2016-05-01,0,0001,-0.004517951467790179,140.05649550149553
2016-06-01,0,0001,-0.003549480979931313,106.4844293979394
2016-07-01,0,0001,-0.003423726732946625,106.13552872134538
2016-08-01,0,0001,-0.004338761305333817,134.50160046534833
2016-09-01,0,0001,-0.005141622636391671,154.24867909175015
2016-10-01,0,0001,-0.006293173558756521,195.08838032145215
2016-11-01,0,0001,-0.006876660909236403,206.29982727709208
2016-12-01,0,0001,-0.0065350011395492735,202.58503532602748
2017-01-01,0,0001,-0.0054394763779559265,168.62376771663372
2017-02-01,0,0001,-0.005884568068808203,164.76790592662968
2017-03-01,0,0001,-0.004261204758010531,132.09734749832646
2017-04-01,0,0001,-0.004570009320598982,137.10027961796948
2017-05-01,0,0001,-0.004096249573313326,126.9837367727131
2017-06-01,0,0001,-0.003136560415238653,94.09681245715959
2017-07-01,0,0001,-0.0031312929585813024,97.07008171602037
2017-08-01,0,0001,-0.004295431466846008,133.15837547222625
2017-09-01,0,0001,-0.0052772027509670185,158.31608252901054
2017-10-01,0,0001,-0.006333852270285942,196.3494203788642
2017-11-01,0,0001,-0.006942362132708796,208.2708639812639
2017-12-01,0,0001,-0.00593467204430561,183.9748333734739
2018-01-01,0,0001,-0.005268993180994572,163.33878861083173
2018-02-01,0,0001,-0.004413624462579735,123.58148495223256
2018-03-01,0,0001,-0.004414245922802462,136.8416236068763
2018-04-01,0,0001,-0.004736598395567765,142.09795186703295
2018-05-01,0,0001,-0.0038165997041436023,118.31459082845167
2018-06-01,0,0001,-0.0033529981934663825,100.58994580399147
2018-07-01,0,0001,-0.003283603846536884,101.79171924264341
2018-08-01,0,0001,-0.0038414977040139944,119.08642882443382
2018-09-01,0,0001,-0.005388569453247428,161.65708359742285
2018-10-01,0,0001,-0.006023074940881243,186.71532316731853
2018-11-01,0,0001,-0.006641057853711987,199.23173561135962
2018-12-01,0,0001,-0.006069613208584726,188.1580094661265
2019-01-01,0,0001,-0.005268778826221934,163.33214361287995
2019-02-01,0,0001,-0.004744551138497686,132.8474318779352
2019-03-01,0,0001,-0.00516230070260741,160.0313217808297
2019-04-01,0,0001,-0.004453204404833835,133.59613214501505
2019-05-01,0,0001,-0.00423643861542026,131.3295970780281
2019-06-01,0,0001,-0.0031963303363946884,95.88991009184066
2019-07-01,0,0001,-0.003274814396620331,101.51924629523025
2019-08-01,0,0001,-0.00403756398083024,125.16448340573744
2019-09-01,0,0001,-0.005259600718412053,157.78802155236158
2019-10-01,0,0001,-0.006380401368020333,197.7924424086303
2019-11-01,0,0001,-0.006489735685545671,194.69207056637015
2019-12-01,0,0001,-0.006250172371628155,193.75534352047282
2020-01-01,0,0001,-0.005566160919871508,172.55098851601676
2020-02-01,0,0001,-0.004881236961984344,141.55587189754598
2020-03-01,0,0001,-0.004644448141909238,143.97789239918637
2020-04-01,0,0001,-0.004659581125655003,139.78743376965008
2020-05-01,0,0001,-0.0040709190114608836,126.19848935528738
2020-06-01,0,0001,-0.0035698539103309512,107.09561730992853
2020-07-01,0,0001,-0.0031034006186594692,96.20541917844355
2020-08-01,0,0001,-0.0046124742181039916,142.98670076122374
2020-09-01,0,0001,-0.005354829730777716,160.64489192333147
2020-10-01,0,0001,-0.0060986143085192904,189.057043564098
2020-11-01,0,0001,-0.007037516063080247,211.12548189240744
2020-12-01,0,0001,-0.006215987096213879,192.69559998263026
2021-01-01,0,0001,-0.005263663094564641,163.17355593150387
2021-02-01,0,0001,-0.005742858077198878,160.8000261615686
2021-03-01,0,0001,-0.004585350235758267,142.1458573085063
2021-04-01,0,0001,-0.004598785134130839,137.96355402392516
2021-05-01,0,0001,-0.003989848444319583,123.68530177390706
2021-06-01,0,0001,-0.003337362226544213,100.1208667963264
2021-07-01,0,0001,-0.0033785374977466976,104.73466243014764
2021-08-01,0,0001,-0.0041830789320724945,129.67544689424733
2021-09-01,0,0001,-0.005333259565784252,159.99778697352755
2021-10-01,0,0001,-0.006517632166045932,202.0465971474239
2021-11-01,0,0001,-0.006431135006282018,192.93405018846053
2021-12-01,0,0001,-0.00433251857935279,134.3080759599365
2022-01-01,0,0001,-0.004806422910798238,148.9991102347454
2022-02-01,0,0001,-0.004860570802915198,136.09598248162553
2022-03-01,0,0001,-0.004517493362981138,140.0422942524153
2022-04-01,0,0001,-0.004503191131196464,135.09573393589395
2022-05-01,0,0001,-0.004260083096481569,132.06257599092862
2022-06-01,0,0001,-0.0033226178670740128,99.67853601222039
2022-07-01,0,0001,-0.003450732464630519,106.9727064035461
2022-08-01,0,0001,-0.004133489905231563,128.13818706217845
2022-09-01,0,0001,-0.0019848175910991083,59.54452773297325
2022-10-01,0,0001,-0.0022614608826439756,70.10528736196324
2022-11-01,0,0001,-0.0026920545734261244,80.76163720278373
2022-12-01,0,0001,-0.0023852596431575414,73.94304893788379
2023-01-01,0,0001,-0.0023466310142138493,72.74556144062933
2023-02-01,0,0001,-0.001732762298264852,48.51734435141585
2023-03-01,0,0001,-0.0018248847858817697,56.57142836233486
2023-04-01,0,0001,-0.0017316811509228722,51.95043452768616
2023-05-01,0,0001,-0.001407889529075531,43.64457540134146
2023-06-01,0,0001,-0.0009958348950093261,29.875046850279784
2023-07-01,0,0001,-0.0010341630682835562,32.05905511679024
2023-08-01,0,0001,-0.001340129970618347,41.54402908916876
2023-09-01,0,0001,-0.001964889034138364,58.94667102415092
2023-10-01,0,0001,-0.0024798189382883385,76.87438708693848
2023-11-01,0,0001,-0.002580098089835578,77.40294269506734
2023-12-01,0,0001,-0.0021402620751912547,66.34812433092888
2024-01-01,0,0001,-0.0023327061760322052,72.31389145699836
2024-02-01,0,0001,-0.0017281543715472164,50.11647677486927
2024-03-01,0,0001,-0.004408563555139425,136.6654702093222
2024-04-01,0,0001,-0.004813290181690152,144.39870545070457
2024-05-01,0,0001,-0.004404725908641019,136.54650316787158
2024-06-01,0,0001,-0.00345368760397999,103.6106281193997
2024-07-01,0,0001,-0.003660460991510036,113.47429073681111
2024-08-01,0,0001,-0.004570378899684665,141.68174589022462
2024-09-01,0,0001,-0.005624298393597,168.72895180791
2024-10-01,0,0001,-0.006603477906822394,204.70781511149423
2024-11-01,0,0001,-0.005902084524452842,177.06253573358526
2024-12-01,0,0001,-0.006616337979953082,205.10647737854555
2025-01-01,0,0001,-0.004793042418330111,148.58431496823343
2025-02-01,0,0001,-0.005145583906342213,144.07634937758195
2025-03-01,0,0001,-0.003920361827006991,121.53121663721673
2025-04-01,0,0001,-0.0040922231394241605,122.76669418272482
2025-05-01,0,0001,-0.0037282515868522874,115.5757991924209
2025-06-01,0,0001,-0.003534824176787191,106.04472530361573
2025-07-01,0,0001,-0.0031597217967964477,97.95137570068988
2025-08-01,0,0001,-0.004328512765457426,134.18389572918022
2025-09-01,0,0001,-0.005156305698351887,154.6891709505566
2025-10-01,0,0001,-0.006329244053582984,196.2065656610725
2025-11-01,0,0001,-0.006772729865451444,203.18189596354333
2025-12-01,0,0001,-0.006533727764181283,202.54556068961978
